cell_id,donor,condition,state,x_um,y_um,rna_a,rna_b,embed_x,embed_y
D01-control-000,D01,control,S2,466.925,440.008,1.2089,1.7573,2.1786,1.778
D01-control-001,D01,control,S2,187.143,354.524,1.6031,1.1285,2.4875,1.5982
D01-control-002,D01,control,S2,453.058,379.828,0.7154,1.5141,2.7275,3.1665
D01-control-003,D01,control,S1,629.951,75.668,0.4887,1.8304,-0.289,0.4265
D01-control-004,D01,control,S3,65.427,155.653,1.6965,0.6161,4.945,-0.9626
D01-control-005,D01,control,S2,658.433,96.757,1.2237,1.1769,2.3032,2.3496
D01-control-006,D01,control,S1,180.654,60.645,0.2735,1.3857,-0.1105,-1.1239
D01-control-007,D01,control,S2,5.8,336.341,1.3388,1.3387,2.0175,1.6524
D01-control-008,D01,control,S1,120.309,52.986,0.9688,1.1185,0.1967,0.7474
D01-control-009,D01,control,S1,76.678,360.837,1.0202,1.505,-0.9557,-0.4794
D01-control-010,D01,control,S2,254.399,79.118,0.7308,1.2138,1.3833,2.5779
D01-control-011,D01,control,S2,236.07,353.886,0.7054,0.9553,2.0372,1.8991
D01-control-012,D01,control,S1,299.952,497.813,0.9726,1.2411,-0.029,0.047
D01-control-013,D01,control,S2,260.012,185.602,1.2183,0.6549,1.3026,2.4102
D01-control-014,D01,control,S2,466.927,212.514,1.575,1.2063,2.1957,2.3412
D01-control-015,D01,control,S1,253.614,18.271,0.8666,1.7558,0.3999,0.6581
D01-control-016,D01,control,S1,427.032,84.226,0.2377,1.6241,-0.272,-0.223
D01-control-017,D01,control,S1,264.781,181.398,0.9115,1.4382,0.0785,-0.7293
D01-control-018,D01,control,S1,489.201,136.355,1.2139,1.3015,0.1858,-0.8547
D01-control-019,D01,control,S2,272.065,260.205,0.6098,0.8192,2.3824,2.0438
D01-control-020,D01,control,S1,527.621,125.319,0.2411,1.6818,-0.0642,-0.6285
D01-control-021,D01,control,S2,483.699,96.011,1.1176,0.5813,2.2329,2.8076
D01-control-022,D01,control,S1,586.525,432.169,0.9099,1.9162,0.524,0.3755
D01-control-023,D01,control,S1,615.677,28.973,1.3037,1.4274,-0.4547,0.4965
D01-control-024,D01,control,S1,61.683,64.435,0.9444,1.0943,0.0044,0.7537
D01-control-025,D01,control,S3,254.939,104.865,1.8536,0.5254,4.2269,-0.4069
D01-control-026,D01,control,S3,286.14,394.738,1.4391,0.4873,4.1719,-0.9285
D01-control-027,D01,control,S3,588.877,145.969,1.182,0.4973,4.3824,-0.7109
D01-control-028,D01,control,S1,365.073,181.661,0.2291,1.6708,-0.0911,-0.4392
D01-control-029,D01,control,S1,585.602,315.581,0.9419,1.5957,-0.0795,0.6908
D01-control-030,D01,control,S2,664.654,73.618,0.6354,1.0384,2.9121,2.1619
D01-control-031,D01,control,S1,553.728,464.132,0.533,1.9081,0.086,0.1597
D01-control-032,D01,control,S1,540.971,439.356,0.9474,2.2992,-0.4402,-0.11
D01-control-033,D01,control,S3,178.361,158.952,1.0637,0.5863,4.8533,0.9624
D01-control-034,D01,control,S1,103.813,244.825,0.0651,0.7015,-0.2426,0.3251
D01-control-035,D01,control,S2,592.518,11.286,0.747,0.7182,2.0823,1.25
D01-control-036,D01,control,S3,555.715,275.635,1.6831,0.7812,4.7313,-0.4858
D01-control-037,D01,control,S1,224.815,221.612,0.2205,2.0493,-0.5169,-0.9705
D01-control-038,D01,control,S1,306.974,406.276,0.2905,1.9605,-0.5524,0.1539
D01-control-039,D01,control,S1,460.828,271.322,0.7817,1.3634,0.0747,0.8189
D01-control-040,D01,control,S1,647.213,79.862,1.0606,1.6505,-0.0231,-1.4702
D01-control-041,D01,control,S1,532.093,410.04,0.8416,2.1946,-0.425,-0.9345
D01-control-042,D01,control,S2,551.481,320.516,1.3577,0.9827,2.1096,2.1812
D01-control-043,D01,control,S2,405.725,436.247,1.4649,1.4654,1.6456,2.1923
D01-control-044,D01,control,S1,137.996,287.349,0.5633,1.7256,-0.7633,-0.4603
D01-control-045,D01,control,S2,184.925,464.109,1.5174,1.3443,2.4412,2.2399
D01-control-046,D01,control,S1,96.187,117.346,0.8246,1.8066,-0.1551,-0.5704
D01-control-047,D01,control,S1,716.918,360.785,0.9045,1.9877,-0.063,0.1519
D01-control-048,D01,control,S1,171.429,134.278,0.9346,1.7132,-0.8315,0.5639
D01-control-049,D01,control,S1,127.22,32.868,0.9897,1.4401,0.4084,0.6836
D01-control-050,D01,control,S1,774.902,223.119,0.3045,2.2137,0.2861,0.2201
D01-control-051,D01,control,S1,427.959,230.158,0.0061,1.9232,-0.1874,0.3061
D01-control-052,D01,control,S3,496.438,388.979,1.2738,1.5511,3.6208,0.2724
D01-control-053,D01,control,S2,42.107,74.677,1.1945,1.1583,1.8402,0.5214
D01-control-054,D01,control,S1,144.496,65.369,0.4432,1.8862,-1.0666,0.121
D01-control-055,D01,control,S3,26.154,239.003,1.6808,0.3382,4.1831,-0.1963
D01-control-056,D01,control,S1,743.503,426.551,0.6282,1.3716,-0.5291,-0.6424
D01-control-057,D01,control,S2,395.559,37.729,0.5715,1.078,1.8879,1.1779
D01-control-058,D01,control,S3,746.234,403.414,1.377,0.7295,4.4342,0.9621
D01-control-059,D01,control,S1,726.078,60.909,0.6339,1.699,-0.309,-0.6859
D01-control-060,D01,control,S3,616.704,174.972,2.034,0.8335,5.8488,1.0023
D01-control-061,D01,control,S2,797.029,57.684,1.15,1.1601,2.3971,1.5054
D01-control-062,D01,control,S1,121.117,191.681,0.8059,1.9082,0.0548,0.0448
D01-control-063,D01,control,S2,796.244,99.593,1.3037,1.3141,1.9951,1.9512
D01-control-064,D01,control,S1,99.558,262.845,1.1852,1.3794,-0.0435,-0.6025
D01-control-065,D01,control,S1,460.806,443.242,0.3069,1.4834,-0.9554,-0.5503
D01-control-066,D01,control,S1,555.07,275.025,0.6638,1.3046,-0.3071,-0.1986
D01-control-067,D01,control,S2,427.65,363.354,1.126,1.9527,1.9472,1.7579
D01-control-068,D01,control,S1,334.333,256.365,0.9575,1.8385,-0.1454,-0.4094
D01-control-069,D01,control,S2,295.84,124.269,0.8816,0.3271,1.0608,2.6441
D01-control-070,D01,control,S1,584.465,161.965,0.3887,1.5078,0.1566,-0.3634
D01-control-071,D01,control,S1,401.312,410.286,1.0124,1.1311,0.4528,0.6304
D01-control-072,D01,control,S2,781.31,402.126,1.2181,1.5362,1.8114,1.9599
D01-control-073,D01,control,S2,696.489,65.658,0.8291,1.0837,2.7817,2.5849
D01-control-074,D01,control,S1,734.751,343.004,0.6214,1.7424,-0.1517,0.6924
D01-control-075,D01,control,S3,298.17,231.966,1.6089,0.5386,5.2161,-0.5203
D01-control-076,D01,control,S2,250.425,424.431,1.2065,0.9054,1.9935,1.6936
D01-control-077,D01,control,S1,104.448,36.491,0.801,1.8444,-0.4646,-0.364
D01-control-078,D01,control,S1,58.337,47.73,0.5918,1.5668,-0.2274,0.7309
D01-control-079,D01,control,S3,680.099,102.171,1.8625,0.7462,5.4035,0.0559
D01-perturbed-000,D01,perturbed,S2,509.781,279.435,1.1225,1.6192,2.3153,1.4693
D01-perturbed-001,D01,perturbed,S2,528.278,103.283,1.2653,0.9868,2.4473,1.6325
D01-perturbed-002,D01,perturbed,S3,320.949,110.914,1.095,0.9569,3.7706,0.3644
D01-perturbed-003,D01,perturbed,S3,102.896,215.221,1.1312,0.5065,4.2543,-0.7575
D01-perturbed-004,D01,perturbed,S2,256.008,407.245,1.043,0.8475,2.2413,1.338
D01-perturbed-005,D01,perturbed,S1,75.106,11.796,0.7475,1.5391,-0.7112,0.8526
D01-perturbed-006,D01,perturbed,S3,411.353,249.324,1.7242,0.2958,3.9057,0.4497
D01-perturbed-007,D01,perturbed,S3,624.805,168.231,2.2709,1.3493,4.4833,0.5219
D01-perturbed-008,D01,perturbed,S3,737.067,125.481,2.0786,0.483,3.8113,0.6558
D01-perturbed-009,D01,perturbed,S3,173.963,312.719,1.8673,0.8295,3.6285,0.0524
D01-perturbed-010,D01,perturbed,S3,641.024,241.46,2.1245,0.4832,3.9054,0.0023
D01-perturbed-011,D01,perturbed,S2,41.426,113.687,1.6374,1.24,2.6519,1.2187
D01-perturbed-012,D01,perturbed,S1,72.073,312.842,1.4297,2.3556,0.2702,-0.4335
D01-perturbed-013,D01,perturbed,S2,739.704,172.806,0.9828,0.9566,2.2852,0.5681
D01-perturbed-014,D01,perturbed,S3,542.278,29.68,1.7476,0.9567,3.7563,0.4355
D01-perturbed-015,D01,perturbed,S2,799.243,225.801,1.6602,0.8124,2.2059,1.9169
D01-perturbed-016,D01,perturbed,S1,620.151,62.033,1.1871,2.3279,-0.709,1.0104
D01-perturbed-017,D01,perturbed,S2,49.088,147.799,1.2838,1.663,2.4825,1.8343
D01-perturbed-018,D01,perturbed,S3,297.076,442.698,2.0198,0.1423,3.7884,0.2054
D01-perturbed-019,D01,perturbed,S1,205.156,194.433,0.7549,2.1522,0.6101,-0.7617
D01-perturbed-020,D01,perturbed,S3,578.242,245.108,1.8297,0.5084,3.7766,1.266
D01-perturbed-021,D01,perturbed,S2,188.698,220.17,1.429,1.0452,2.3482,3.0149
D01-perturbed-022,D01,perturbed,S2,363.131,325.383,1.3091,1.3748,2.4706,2.1787
D01-perturbed-023,D01,perturbed,S1,13.158,237.447,0.4023,1.7634,-0.1033,-0.4021
D01-perturbed-024,D01,perturbed,S2,223.085,267.013,1.2304,1.2189,2.6109,2.2589
D01-perturbed-025,D01,perturbed,S1,28.249,289.842,1.3684,1.4885,0.8749,-0.8853
D01-perturbed-026,D01,perturbed,S2,463.192,179.459,0.6285,1.2335,1.8464,1.3739
D01-perturbed-027,D01,perturbed,S3,541.157,79.576,1.9549,0.9897,4.625,-0.1817
D01-perturbed-028,D01,perturbed,S3,508.964,277.128,1.7606,0.5586,4.3229,0.5878
D01-perturbed-029,D01,perturbed,S1,611.658,353.516,1.2426,1.2236,0.0115,-0.1682
D01-perturbed-030,D01,perturbed,S1,22.954,17.511,0.9189,1.7323,0.0466,-0.464
D01-perturbed-031,D01,perturbed,S3,448.824,324.681,1.9429,0,4.9962,-1.1915
D01-perturbed-032,D01,perturbed,S3,635.66,290.789,1.5604,0.798,4.4517,-0.1302
D01-perturbed-033,D01,perturbed,S3,0.27,351.655,2.0646,0.4998,4.1209,-0.1173
D01-perturbed-034,D01,perturbed,S2,602.196,418.893,1.4088,1.5422,1.2615,1.2042
D01-perturbed-035,D01,perturbed,S2,797.314,126.675,1.3609,0.6167,2.6185,1.6436
D01-perturbed-036,D01,perturbed,S1,393.58,94.73,0.8156,1.3866,0.0841,-0.6328
D01-perturbed-037,D01,perturbed,S2,40.076,0.6,1.7515,0.9161,1.3488,2.0552
D01-perturbed-038,D01,perturbed,S1,685.757,143.645,0.2112,1.8233,-0.6687,-0.566
D01-perturbed-039,D01,perturbed,S1,109.922,383.293,0.306,1.754,0.3402,0.3726
D01-perturbed-040,D01,perturbed,S3,179.389,62.92,2.0127,1.099,3.84,-0.0189
D01-perturbed-041,D01,perturbed,S1,593.276,383.338,0.7951,1.6793,-0.2378,-0.1826
D01-perturbed-042,D01,perturbed,S3,478.755,125.031,1.6214,0.529,4.1948,-0.1804
D01-perturbed-043,D01,perturbed,S1,736.536,104.065,0.5382,2.3558,-0.7824,-0.3685
D01-perturbed-044,D01,perturbed,S1,54.635,183.346,1.3226,2.2795,0.5358,-0.6238
D01-perturbed-045,D01,perturbed,S1,51.482,349.831,1.521,1.3471,-0.0772,-0.2805
D01-perturbed-046,D01,perturbed,S1,415.83,169.943,1.121,2.5657,0.315,0.6201
D01-perturbed-047,D01,perturbed,S3,254.964,49.011,1.353,0.3869,4.0415,-0.549
D01-perturbed-048,D01,perturbed,S3,621.913,423.745,1.461,0.3455,5.0931,0.5145
D01-perturbed-049,D01,perturbed,S1,758.487,107.32,1.2453,1.8632,0.4129,-0.1173
D01-perturbed-050,D01,perturbed,S2,607.011,444.656,2.1322,0.7302,2.124,2.1369
D01-perturbed-051,D01,perturbed,S1,124.689,126.984,0.8239,1.8353,0.2888,0.3376
D01-perturbed-052,D01,perturbed,S1,715.16,37.63,0.706,1.8591,0.6929,-0.0677
D01-perturbed-053,D01,perturbed,S1,225.371,90.734,0.7064,2.1465,-0.2469,0.2109
D01-perturbed-054,D01,perturbed,S2,733.661,467.188,1.9207,1.0922,1.5253,2.7862
D01-perturbed-055,D01,perturbed,S1,725.365,416.708,1.1907,1.9494,0.085,-0.4116
D01-perturbed-056,D01,perturbed,S1,594.182,325.34,1.4173,1.6567,0.2814,-0.1527
D01-perturbed-057,D01,perturbed,S1,213.988,144.358,0.928,1.5887,0.9424,-0.3254
D01-perturbed-058,D01,perturbed,S1,361.131,10.705,1.0574,1.956,-0.6379,1.1741
D01-perturbed-059,D01,perturbed,S1,195.214,170.877,1.2703,1.3984,0.3641,-0.3799
D01-perturbed-060,D01,perturbed,S3,525.013,66.6,1.6936,0.4493,4.0693,-0.197
D01-perturbed-061,D01,perturbed,S3,773.964,78.499,2.0815,0.3581,3.7814,0.2516
D01-perturbed-062,D01,perturbed,S2,133.337,489.839,0.9346,0.6905,2.1578,2.5077
D01-perturbed-063,D01,perturbed,S3,202.803,78.132,1.6372,1.0417,5.0868,0.5122
D01-perturbed-064,D01,perturbed,S1,291.993,399.568,0.7636,1.5615,0.2273,0.797
D01-perturbed-065,D01,perturbed,S2,633.167,499.35,0.8208,1.0825,2.0707,1.6399
D01-perturbed-066,D01,perturbed,S1,736.208,69.627,1.0818,1.8632,0.1923,0.1732
D01-perturbed-067,D01,perturbed,S2,26.05,121.637,1.2717,1.5906,1.5979,0.6195
D01-perturbed-068,D01,perturbed,S1,353.492,274.21,0.7355,1.502,0.6235,1.1956
D01-perturbed-069,D01,perturbed,S2,178.314,294.084,1.6317,0.9792,1.4086,2.1894
D01-perturbed-070,D01,perturbed,S2,349.201,134.015,0.6803,0.9113,2.391,2.3037
D01-perturbed-071,D01,perturbed,S2,675.659,67.574,1.1568,0.6643,2.1929,1.6315
D01-perturbed-072,D01,perturbed,S3,290.673,0.557,2.1768,0.1017,4.1206,-1.4016
D01-perturbed-073,D01,perturbed,S3,177.361,173.433,1.4036,0.9689,3.694,0.6899
D01-perturbed-074,D01,perturbed,S3,683.309,327.265,1.7508,0,4.0811,0.0559
D01-perturbed-075,D01,perturbed,S2,94.901,311.809,1.8622,1.5377,1.568,1.8671
D01-perturbed-076,D01,perturbed,S3,516.73,87.151,2.0964,0.8036,3.688,0.5282
D01-perturbed-077,D01,perturbed,S2,670.965,69.051,1.4399,1.063,1.9375,1.1211
D01-perturbed-078,D01,perturbed,S2,386.677,387.547,2.0169,0,1.6567,1.4694
D01-perturbed-079,D01,perturbed,S2,353.429,485.141,1.5117,0.8457,1.843,2.0618
D02-control-000,D02,control,S1,36.853,428.497,0.7856,2.1005,1.3735,-0.0995
D02-control-001,D02,control,S3,17.836,261.858,1.5794,0.387,4.7565,-0.0029
D02-control-002,D02,control,S1,249.367,81.961,0.1468,1.6227,0.0998,-0.6255
D02-control-003,D02,control,S1,8.728,451.517,0.6681,2.2255,0.041,0.9319
D02-control-004,D02,control,S3,274.29,322.138,0.4712,1.0333,4.3234,-0.2325
D02-control-005,D02,control,S3,397.534,68.645,1.7454,0.3628,4.7199,0.2636
D02-control-006,D02,control,S1,468.706,84.697,0.7189,2.0213,-0.5815,-0.462
D02-control-007,D02,control,S3,375.715,80.487,1.6009,0.1499,3.3793,-1.6214
D02-control-008,D02,control,S1,259.613,98.468,0.526,1.6349,0.6406,-0.0832
D02-control-009,D02,control,S1,584.995,446.836,0.8857,1.9268,-0.3646,0.0623
D02-control-010,D02,control,S1,596.514,193.929,1.0444,1.9669,-0.5575,0.95
D02-control-011,D02,control,S1,355.804,62.896,0.098,1.7128,-0.1593,-0.2114
D02-control-012,D02,control,S3,175.115,31.538,1.2595,0.9518,4.3605,-0.3293
D02-control-013,D02,control,S3,100.586,397.518,1.6536,0.4065,4.6045,-0.3488
D02-control-014,D02,control,S2,247.352,342.066,1.2882,1.2675,2.5963,2.1689
D02-control-015,D02,control,S2,253.229,5.149,0.815,1.7799,2.7574,2.5231
D02-control-016,D02,control,S1,224.762,344.177,0.8685,1.7388,0.0908,-0.0369
D02-control-017,D02,control,S1,210.035,298.335,0.4938,1.6321,-0.058,-0.1195
D02-control-018,D02,control,S1,353.85,319.992,0.2505,1.3645,-1.1429,0.477
D02-control-019,D02,control,S2,253.158,370.895,1.1864,1.3708,1.9938,2.3911
D02-control-020,D02,control,S1,501.475,162.316,0.387,1.262,-0.4078,0.3387
D02-control-021,D02,control,S3,332.169,192.817,1.2626,0.4726,3.736,0.6198
D02-control-022,D02,control,S1,85.617,235.739,0.2871,1.6533,-0.9767,-0.0261
D02-control-023,D02,control,S2,407.964,414.435,0.9841,1.3626,2.3487,2.3129
D02-control-024,D02,control,S1,444.634,426.281,1.2542,1.9856,0.1145,-0.0086
D02-control-025,D02,control,S1,87.735,42.892,0.9589,1.7764,-0.6582,-0.0695
D02-control-026,D02,control,S3,47.863,167.265,1.8146,0.304,4.2115,1.0281
D02-control-027,D02,control,S3,764.823,148.03,1.822,0.5888,3.8632,1.1385
D02-control-028,D02,control,S1,230.088,190.478,1.0551,1.6447,-0.2431,-1.0482
D02-control-029,D02,control,S2,321.067,343.575,1.0958,0.8269,2.1328,2.3842
D02-control-030,D02,control,S2,569.936,115.992,0.7866,1.9565,1.7539,1.9034
D02-control-031,D02,control,S3,667.154,193.414,1.8594,0.9041,4.4369,0.5217
D02-control-032,D02,control,S1,731.16,294.592,0.528,1.477,-0.5779,0.2373
D02-control-033,D02,control,S1,33.645,448.511,0.4794,2.0064,0.5299,-0.1484
D02-control-034,D02,control,S2,9.371,227.793,1.2137,0.7034,1.7575,2.613
D02-control-035,D02,control,S2,534.751,26.24,1.1728,1.3529,2.3066,2.2065
D02-control-036,D02,control,S1,414.719,64.566,0.1004,1.3617,-0.4096,-0.1965
D02-control-037,D02,control,S1,214.209,492.283,0.7114,1.3546,-0.5518,0.2317
D02-control-038,D02,control,S1,661.341,29.903,0.8468,1.5576,-0.1291,0.3447
D02-control-039,D02,control,S1,375.008,268.009,0.5308,2.1954,0.5178,-0.0016
D02-control-040,D02,control,S1,744.132,458.121,0.2496,1.8166,-0.2106,-0.7065
D02-control-041,D02,control,S2,116.535,43.872,1.4035,1.4613,1.7827,1.744
D02-control-042,D02,control,S3,557.56,54.506,0.7857,0.4923,4.4039,-0.7493
D02-control-043,D02,control,S3,444.433,317.98,1.4589,0.0305,3.5655,-0.2909
D02-control-044,D02,control,S1,434.653,57.635,0.4765,1.3672,-0.1976,-0.1922
D02-control-045,D02,control,S3,659.985,129.303,1.6545,0.5637,4.5934,0.3763
D02-control-046,D02,control,S1,543.24,115.299,0.4852,1.633,0.4929,0.5244
D02-control-047,D02,control,S2,290.342,380.774,0.8096,1.2272,2.4328,2.1867
D02-control-048,D02,control,S1,475.453,470.941,0.2853,1.1228,0.5139,-0.6559
D02-control-049,D02,control,S1,467.817,440.731,1.3789,1.6181,0.3886,0.2566
D02-control-050,D02,control,S1,535.981,406.915,0.7383,1.9873,0.0315,0.6625
D02-control-051,D02,control,S2,216.537,438.574,0.4937,1.2826,2.7,2.1832
D02-control-052,D02,control,S2,433.61,258.464,0.9695,1.5353,1.1741,1.1814
D02-control-053,D02,control,S1,186.822,339.261,1.0818,2.2094,0.541,-0.7805
D02-control-054,D02,control,S2,52.496,16.579,0.5491,0.4685,1.4462,1.7946
D02-control-055,D02,control,S1,666.017,29.304,0.3675,1.6338,0.0728,0.8083
D02-control-056,D02,control,S3,266.394,341.906,1.2018,0.4169,3.8402,-0.7315
D02-control-057,D02,control,S1,669.87,53.821,0.6057,1.4828,-0.7627,-0.311
D02-control-058,D02,control,S3,124.94,64.16,1.7366,0.2749,4.1713,-0.0737
D02-control-059,D02,control,S2,546.104,347.878,1.0873,1.6279,2.5063,1.9182
D02-control-060,D02,control,S3,710.886,148.555,1.5639,0.9137,3.6487,0.0523
D02-control-061,D02,control,S1,289.282,2.557,0.561,1.0744,-0.3674,0.3333
D02-control-062,D02,control,S2,751.681,381.688,0.3052,1.4296,1.3455,1.4372
D02-control-063,D02,control,S1,734.097,100.528,0.9225,1.0503,-0.1357,-0.4347
D02-control-064,D02,control,S1,249.98,216.403,0.4731,1.6108,0.1342,1.1692
D02-control-065,D02,control,S1,146.154,7.535,0.6764,1.7321,-0.4556,-0.5352
D02-control-066,D02,control,S1,745.666,307.008,0.53,1.5196,0.4086,-0.2782
D02-control-067,D02,control,S3,567.891,299.442,1.4685,0.889,4.2874,-0.6551
D02-control-068,D02,control,S1,280.924,333.586,0.3054,1.8142,-0.3194,0.2125
D02-control-069,D02,control,S1,796.745,422.513,0.4337,1.7694,0.2445,0.2139
D02-control-070,D02,control,S2,457.502,76.378,0.9184,0.6905,1.8777,1.6357
D02-control-071,D02,control,S1,87.397,353.235,0.8299,1.389,0.276,0.8673
D02-control-072,D02,control,S2,232.259,178.179,1.0811,0.935,2.8861,2.0747
D02-control-073,D02,control,S2,293.76,379.823,0.8562,0.7536,2.3471,1.883
D02-control-074,D02,control,S3,34.227,235.637,1.8981,0.7672,4.797,0.6492
D02-control-075,D02,control,S1,558.422,110.646,0.5888,2.2607,-0.1422,-0.7909
D02-control-076,D02,control,S2,739.105,286.6,0.799,1.1344,3.0238,2.8249
D02-control-077,D02,control,S2,156.452,485.393,0.8824,1.0219,2.0614,2.6782
D02-control-078,D02,control,S2,364.977,354.802,1.3807,0.9326,2.2869,2.3696
D02-control-079,D02,control,S2,167.847,202.825,1.0975,0.9182,1.4155,2.4231
D02-perturbed-000,D02,perturbed,S2,488.376,337.915,1.2656,1.1063,1.3118,1.7999
D02-perturbed-001,D02,perturbed,S2,577.887,411.5,1.4766,1.3404,2.1299,2.3098
D02-perturbed-002,D02,perturbed,S2,424.487,340.146,1.4938,1.417,2.7156,2.0025
D02-perturbed-003,D02,perturbed,S3,114.569,468.877,1.9426,0.6642,3.7681,-0.197
D02-perturbed-004,D02,perturbed,S3,27.357,88.236,0.9401,0.3661,4.4929,0.5253
D02-perturbed-005,D02,perturbed,S2,157.828,192.837,1.1925,0.9248,2.7088,2.3151
D02-perturbed-006,D02,perturbed,S3,626.498,0.761,2.0415,0.1853,4.5591,0.1686
D02-perturbed-007,D02,perturbed,S2,85.385,140.368,2.1624,1.2816,2.3772,1.6826
D02-perturbed-008,D02,perturbed,S2,686.711,184.151,1.5872,1.1964,1.343,1.6714
D02-perturbed-009,D02,perturbed,S3,377.476,293.478,1.7896,0.9347,3.8983,0.1446
D02-perturbed-010,D02,perturbed,S2,683.312,400.258,1.6373,0.6006,2.1253,2.0882
D02-perturbed-011,D02,perturbed,S1,659.608,260.273,0.9388,1.4875,0.1392,0.6509
D02-perturbed-012,D02,perturbed,S1,481.336,483.301,0.9446,1.0712,-1.0432,-0.2726
D02-perturbed-013,D02,perturbed,S2,276.186,31.998,1.5756,0.7223,2.0136,2.6789
D02-perturbed-014,D02,perturbed,S1,352.174,151.969,1.2235,2.3449,0.8383,-0.0258
D02-perturbed-015,D02,perturbed,S2,481.971,431.428,1.1981,1.1184,1.4803,1.4143
D02-perturbed-016,D02,perturbed,S1,508.356,202.159,1.2354,2.1012,-0.2733,0.0882
D02-perturbed-017,D02,perturbed,S2,474.841,222.399,1.6946,1.5595,2.7552,2.266
D02-perturbed-018,D02,perturbed,S2,494.362,388.25,1.4888,1.4677,1.7714,2.1416
D02-perturbed-019,D02,perturbed,S1,653.423,360.283,0.7531,1.6461,-1.4691,0.0682
D02-perturbed-020,D02,perturbed,S2,330.989,319.004,1.3411,1.9788,2.4356,1.9913
D02-perturbed-021,D02,perturbed,S2,585.107,397.135,1.4084,1.6271,1.9997,2.5439
D02-perturbed-022,D02,perturbed,S2,130.133,172.127,2.047,1.5035,2.4549,1.1455
D02-perturbed-023,D02,perturbed,S1,293.95,292.188,0.9915,1.4638,0.9549,-0.5634
D02-perturbed-024,D02,perturbed,S3,193.652,346.553,1.9406,0.5487,4.0196,0.3258
D02-perturbed-025,D02,perturbed,S2,76.638,300.003,0.8338,1.4427,2.4498,1.614
D02-perturbed-026,D02,perturbed,S1,443.092,0.804,0.8066,1.5509,0.0847,0.8567
D02-perturbed-027,D02,perturbed,S1,386.821,217.155,0.294,1.873,0.4861,-0.4679
D02-perturbed-028,D02,perturbed,S1,197.561,272.325,1.7114,1.9946,0.2201,-1.4934
D02-perturbed-029,D02,perturbed,S3,460.297,315.238,1.9612,0.2339,4.104,0.543
D02-perturbed-030,D02,perturbed,S3,572.708,486.703,2.0718,0.2699,4.3564,1.0135
D02-perturbed-031,D02,perturbed,S2,543.507,147.912,1.7289,0.9655,1.6384,1.418
D02-perturbed-032,D02,perturbed,S1,760.72,219.647,0.7065,1.1374,-0.089,-0.3414
D02-perturbed-033,D02,perturbed,S3,755.888,200.549,2.0079,0.2831,4.315,-0.4418
D02-perturbed-034,D02,perturbed,S1,81.465,305.684,0.9525,2.1957,0.4695,0.6847
D02-perturbed-035,D02,perturbed,S3,433.335,79.196,1.9575,0.5598,3.207,-0.7396
D02-perturbed-036,D02,perturbed,S1,413.071,243.272,0.8982,1.5505,0.0423,-0.5753
D02-perturbed-037,D02,perturbed,S1,353.118,57.911,1.0195,1.3663,-0.0271,-0.3987
D02-perturbed-038,D02,perturbed,S1,677.154,251.069,1.1046,1.8195,0.021,0.4649
D02-perturbed-039,D02,perturbed,S1,112.507,125.636,0.3415,1.7632,-0.4002,-0.7235
D02-perturbed-040,D02,perturbed,S1,625.538,229.998,0.6411,1.3371,0.4648,0.1703
D02-perturbed-041,D02,perturbed,S2,336.521,224.856,1.9556,1.3579,2.2155,3.477
D02-perturbed-042,D02,perturbed,S2,209.722,262.815,2.0813,0.4113,2.7538,2.4525
D02-perturbed-043,D02,perturbed,S2,199.775,459.011,1.1462,1.1275,1.962,2.5146
D02-perturbed-044,D02,perturbed,S3,446.62,327.751,1.9041,0.6452,5.0369,0.279
D02-perturbed-045,D02,perturbed,S1,665.966,401.471,0.8696,1.3456,0.5574,-1.0576
D02-perturbed-046,D02,perturbed,S3,489.911,63.199,1.0505,0.3829,4.0548,-0.2949
D02-perturbed-047,D02,perturbed,S2,738.394,311.031,1.3799,0.7319,1.9455,2.5881
D02-perturbed-048,D02,perturbed,S3,741.965,375.821,1.4484,0.3958,4.7002,0.2418
D02-perturbed-049,D02,perturbed,S1,691.134,311.847,1.031,1.3912,-0.6451,1.2471
D02-perturbed-050,D02,perturbed,S2,714.919,265.71,1.7149,0.8798,1.4371,3.4035
D02-perturbed-051,D02,perturbed,S1,51.481,9.772,0.9594,2.0979,-0.3862,0.5619
D02-perturbed-052,D02,perturbed,S2,265.51,14.25,1.4641,0.9697,1.5083,1.0539
D02-perturbed-053,D02,perturbed,S1,798.264,467.295,1.1675,1.3343,-0.196,0.4839
D02-perturbed-054,D02,perturbed,S1,481.328,83.197,0.8318,2.0402,-0.3279,0.849
D02-perturbed-055,D02,perturbed,S1,756.484,127.07,0.8504,1.6265,-0.0603,0.5443
D02-perturbed-056,D02,perturbed,S3,669.258,240.826,1.8382,0.5208,4.2511,0.9016
D02-perturbed-057,D02,perturbed,S2,427.327,449.187,1.1428,1.0567,3.0169,2.5605
D02-perturbed-058,D02,perturbed,S2,519.779,28.382,1.1868,0.9837,1.4428,2.4418
D02-perturbed-059,D02,perturbed,S2,557.049,61.947,2.1328,1.6729,2.081,1.0511
D02-perturbed-060,D02,perturbed,S1,300.58,418.529,0.4759,1.5444,-0.2803,0.9644
D02-perturbed-061,D02,perturbed,S1,263.239,121.103,0.9769,1.7288,0.2872,-0.6286
D02-perturbed-062,D02,perturbed,S1,206.376,237.431,0.3849,1.2176,0.397,0.0707
D02-perturbed-063,D02,perturbed,S2,485.144,60.428,1.4655,1.4679,1.8571,2.5284
D02-perturbed-064,D02,perturbed,S2,753.786,190.974,0.9676,0.8859,1.7457,3.2288
D02-perturbed-065,D02,perturbed,S2,693.176,235.637,1.1362,1.2298,2.3536,2.2997
D02-perturbed-066,D02,perturbed,S2,43.232,316.197,0.8674,1.404,2.0335,2.3052
D02-perturbed-067,D02,perturbed,S2,105.631,175.829,1.308,0.8294,1.4814,1.2097
D02-perturbed-068,D02,perturbed,S2,392.433,492.418,1.4522,1.4021,3.4291,2.0945
D02-perturbed-069,D02,perturbed,S2,325.872,351.54,1.9743,1.0854,1.5541,2.1574
D02-perturbed-070,D02,perturbed,S1,185.522,147.298,0.3087,1.4582,0.6338,-0.6615
D02-perturbed-071,D02,perturbed,S1,759.909,54.102,0.8999,1.7948,0.2599,0.417
D02-perturbed-072,D02,perturbed,S1,691.985,54.341,0.763,1.9034,-0.1052,-0.1104
D02-perturbed-073,D02,perturbed,S1,472.393,270.432,1.3949,1.6105,0.8463,0.3858
D02-perturbed-074,D02,perturbed,S2,327.792,440.302,2.0828,1.473,2.6739,2.096
D02-perturbed-075,D02,perturbed,S2,375.467,90.339,1.3287,1.3394,2.2933,2.047
D02-perturbed-076,D02,perturbed,S1,292.304,284.68,0.1543,1.8734,0.7755,-0.4133
D02-perturbed-077,D02,perturbed,S2,508.63,245.257,1.5057,1.1828,1.8695,2.3333
D02-perturbed-078,D02,perturbed,S2,313.517,287.887,1.6734,1.3336,2.3493,2.4201
D02-perturbed-079,D02,perturbed,S2,128.905,274.662,1.753,0.6545,1.276,1.5735
D03-control-000,D03,control,S3,488.817,314.757,1.2125,0.6613,3.7378,-1.2511
D03-control-001,D03,control,S3,555.678,133.564,1.5241,1.0496,3.9986,-0.0968
D03-control-002,D03,control,S1,82.782,144.373,1.0368,2.1475,0.8084,-0.0635
D03-control-003,D03,control,S1,277.655,353.571,0.3855,1.7182,-0.0931,0.485
D03-control-004,D03,control,S1,193.928,256.912,0.722,1.6988,-0.3275,0.9822
D03-control-005,D03,control,S2,471.726,433.794,0.8913,1.029,3.0194,1.9421
D03-control-006,D03,control,S2,712.904,491.268,1.8664,1.9505,2.5376,2.1852
D03-control-007,D03,control,S1,704.908,233.653,0.0059,1.7122,0.0365,0.174
D03-control-008,D03,control,S2,236.422,135.479,0.7123,1.2843,2.6497,1.3459
D03-control-009,D03,control,S1,466.663,432.366,1.0027,2.0622,-0.0313,0.0197
D03-control-010,D03,control,S2,622.771,169.107,1.4602,0.8442,1.5936,2.6171
D03-control-011,D03,control,S1,296.648,254.436,0.5125,1.4647,-0.0614,0.3448
D03-control-012,D03,control,S2,450.456,152.48,1.456,1.3655,1.4136,2.7219
D03-control-013,D03,control,S1,145.119,479.824,0.2817,2.0895,-0.2193,0.3594
D03-control-014,D03,control,S3,62.995,372.065,1.2556,0.4682,4.223,-1.0294
D03-control-015,D03,control,S1,359.834,4.863,0.9066,1.7192,-0.6402,-1.3114
D03-control-016,D03,control,S2,104.296,99.088,0.9734,1.6118,2.1993,2.0845
D03-control-017,D03,control,S2,693.134,49.222,0.7491,1.6541,2.8703,2.4437
D03-control-018,D03,control,S2,711.563,176.991,1.0886,1.6196,1.7189,1.8515
D03-control-019,D03,control,S3,511.878,73.657,1.6745,0.7372,4.5408,-0.3413
D03-control-020,D03,control,S1,115.979,143.095,0.5607,2.1365,0.1432,0.2576
D03-control-021,D03,control,S2,675.178,199.309,1.5096,0.292,2.2472,2.6417
D03-control-022,D03,control,S1,346.939,128.81,0.457,1.1643,0.4647,-0.0248
D03-control-023,D03,control,S3,540.059,344.408,1.7826,1.0698,3.5555,0.8181
D03-control-024,D03,control,S1,281.696,167.666,0.8002,1.3875,-0.9162,-0.2534
D03-control-025,D03,control,S1,6.092,476.565,0.8025,1.8384,-0.0693,0.9476
D03-control-026,D03,control,S3,405.101,460.015,2.0931,0.2376,4.1994,-0.4002
D03-control-027,D03,control,S2,107.269,266.706,0.3964,1.2679,2.8299,1.4873
D03-control-028,D03,control,S1,616.189,163.728,0.4957,1.6465,-0.1703,-0.0882
D03-control-029,D03,control,S1,372.347,315.984,0.2486,1.6413,0.6034,0.8255
D03-control-030,D03,control,S3,677.442,72.1,2.2011,0.6982,4.5138,-0.5237
D03-control-031,D03,control,S1,426.325,120.442,0.0844,1.8594,0.2757,-0.233
D03-control-032,D03,control,S1,645.208,344.505,0.8506,1.9007,-0.0896,0.5914
D03-control-033,D03,control,S1,631.0,362.422,0.1007,1.7706,0.513,-0.0467
D03-control-034,D03,control,S3,297.443,151.041,1.5855,0.8094,3.3106,-0.7946
D03-control-035,D03,control,S1,558.68,69.166,0.9551,2.0247,-1.4395,0.6162
D03-control-036,D03,control,S1,291.8,482.899,1.2597,2.374,0.2229,-0.9661
D03-control-037,D03,control,S2,572.679,341.849,1.4009,0.6663,2.8314,0.9174
D03-control-038,D03,control,S2,298.013,399.982,1.2147,1.311,1.3065,1.3008
D03-control-039,D03,control,S1,139.504,126.119,0.541,1.803,0.3575,0.3663
D03-control-040,D03,control,S2,447.552,144.009,1.0801,1.4783,1.6667,1.9741
D03-control-041,D03,control,S1,429.804,314.778,1.7064,1.6301,0.114,0.4266
D03-control-042,D03,control,S1,481.146,171.109,1.0017,1.2477,0.3679,-0.0048
D03-control-043,D03,control,S3,70.37,393.077,1.7528,0.7871,5.0051,0.5231
D03-control-044,D03,control,S2,280.519,83.144,1.1973,1.1268,1.6164,2.3481
D03-control-045,D03,control,S2,298.3,290.997,1.0944,2.0953,0.9038,2.0246
D03-control-046,D03,control,S1,754.409,404.853,0.9543,1.5758,0.8846,-0.7985
D03-control-047,D03,control,S2,773.512,222.545,1.1999,1.4181,1.7061,2.5113
D03-control-048,D03,control,S3,53.206,221.778,1.5871,0.3669,4.8476,0.5208
D03-control-049,D03,control,S2,701.622,105.652,1.7032,0.8912,1.9077,0.4911
D03-control-050,D03,control,S3,321.065,155.423,0.647,0.6566,5.238,0.2714
D03-control-051,D03,control,S2,543.184,93.163,0.5314,1.5246,2.1591,2.1717
D03-control-052,D03,control,S1,365.755,357.478,1.8226,2.2345,0.522,-0.2056
D03-control-053,D03,control,S2,679.547,290.526,1.2619,1.6274,2.5619,1.5011
D03-control-054,D03,control,S2,714.002,451.201,1.0661,1.285,2.0407,2.7597
D03-control-055,D03,control,S1,65.781,272.478,0,1.5699,0.0259,-0.5863
D03-control-056,D03,control,S2,174.887,97.44,1.1878,1.5454,1.7341,1.2533
D03-control-057,D03,control,S3,276.233,378.216,1.2404,0.6561,4.407,0.1892
D03-control-058,D03,control,S1,478.834,11.309,0.274,1.5649,0.0326,-0.45
D03-control-059,D03,control,S1,540.849,52.76,0.4583,2.1288,-0.1069,-0.4603
D03-control-060,D03,control,S2,149.007,461.793,0.873,1.4549,1.9537,2.079
D03-control-061,D03,control,S2,36.848,263.273,1.1218,1.5611,2.5499,1.0626
D03-control-062,D03,control,S2,638.306,145.502,1.0293,0.6912,2.84,2.4345
D03-control-063,D03,control,S1,686.466,271.87,0.0522,1.6405,-0.0584,0.0697
D03-control-064,D03,control,S1,28.219,327.341,0.6645,1.9036,-0.1256,-0.1823
D03-control-065,D03,control,S1,481.725,163.497,0.9845,2.16,0.0881,0.9505
D03-control-066,D03,control,S1,488.583,239.456,0.5479,1.8396,-0.2142,-0.9274
D03-control-067,D03,control,S1,397.009,101.787,0.9462,2.0499,0.6536,0.6513
D03-control-068,D03,control,S1,349.145,312.709,0.5324,1.9324,0.2136,-0.0445
D03-control-069,D03,control,S2,706.61,248.012,0.87,1.0338,1.3391,2.7138
D03-control-070,D03,control,S1,84.423,45.567,0.3205,1.7645,1.0982,-0.6539
D03-control-071,D03,control,S1,762.88,393.546,0.9509,1.9192,-0.3598,-0.1336
D03-control-072,D03,control,S3,83.726,488.554,1.6756,0.4961,3.2767,0.8188
D03-control-073,D03,control,S2,727.784,134.392,1.0444,1.3062,2.7087,3.2263
D03-control-074,D03,control,S1,437.357,377.084,0.2192,1.0458,0.5606,0.3657
D03-control-075,D03,control,S1,714.868,396.724,0.9132,2.0766,-0.5331,0.0512
D03-control-076,D03,control,S2,244.56,140.615,1.0701,1.3371,1.8776,0.6109
D03-control-077,D03,control,S2,533.717,173.499,1.4809,1.5868,2.5215,2.3188
D03-control-078,D03,control,S2,585.801,492.444,0.5485,1.4566,1.3831,1.262
D03-control-079,D03,control,S1,465.471,10.689,0.0136,1.5966,-0.1239,-0.3325
D03-perturbed-000,D03,perturbed,S1,257.284,154.917,1.0588,1.8184,0.8251,-0.719
D03-perturbed-001,D03,perturbed,S1,90.724,364.903,0.6012,1.3818,-0.1696,0.4186
D03-perturbed-002,D03,perturbed,S1,19.694,455.252,1.0292,1.8357,-0.7679,-0.3831
D03-perturbed-003,D03,perturbed,S3,458.892,45.283,1.4295,0.896,3.2033,-0.2608
D03-perturbed-004,D03,perturbed,S3,210.217,93.887,1.6237,0.7764,4.3881,-0.2457
D03-perturbed-005,D03,perturbed,S1,227.828,76.91,1.2528,0.894,0.3601,0.3277
D03-perturbed-006,D03,perturbed,S2,591.355,82.997,1.1609,1.5894,1.3157,1.9347
D03-perturbed-007,D03,perturbed,S2,668.247,132.541,1.5061,0.9667,2.0556,2.1821
D03-perturbed-008,D03,perturbed,S1,264.0,157.01,0.7692,1.3843,1.2821,0.1909
D03-perturbed-009,D03,perturbed,S1,237.784,102.573,0.9542,1.8719,0.8588,-0.4118
D03-perturbed-010,D03,perturbed,S1,765.219,19.825,1.2091,1.4591,-0.1372,0.6339
D03-perturbed-011,D03,perturbed,S2,457.949,189.539,1.2567,0.7992,1.4253,1.6904
D03-perturbed-012,D03,perturbed,S2,638.424,158.654,1.3317,1.0621,2.1201,2.1143
D03-perturbed-013,D03,perturbed,S3,671.721,236.43,1.2168,1.0177,4.66,-0.1092
D03-perturbed-014,D03,perturbed,S3,460.213,323.782,2.0692,0.1615,3.7572,-0.6659
D03-perturbed-015,D03,perturbed,S3,266.905,194.431,1.7088,0.3465,4.9906,-0.4804
D03-perturbed-016,D03,perturbed,S1,381.482,113.62,0.9061,1.5291,-0.5003,0.5087
D03-perturbed-017,D03,perturbed,S2,397.769,391.851,1.6471,0.9764,1.9916,2.7057
D03-perturbed-018,D03,perturbed,S2,652.216,330.932,1.8307,1.4726,0.7891,2.4765
D03-perturbed-019,D03,perturbed,S1,586.92,150.866,0.7695,2.6635,0.2561,0.7094
D03-perturbed-020,D03,perturbed,S3,149.506,66.895,2.1225,0.7329,4.0687,-0.4817
D03-perturbed-021,D03,perturbed,S2,382.434,119.903,0.8545,1.2573,2.3921,2.5559
D03-perturbed-022,D03,perturbed,S2,180.94,449.834,1.5217,1.4519,3.0711,1.7962
D03-perturbed-023,D03,perturbed,S1,378.179,466.352,0.8691,1.7708,-0.4116,0.6735
D03-perturbed-024,D03,perturbed,S1,755.464,52.533,0.7201,1.7641,-0.6923,-0.3696
D03-perturbed-025,D03,perturbed,S1,752.412,101.616,0.8388,1.916,0.3054,0.4712
D03-perturbed-026,D03,perturbed,S1,514.936,66.526,0.7787,1.7912,0.1174,0.48
D03-perturbed-027,D03,perturbed,S3,96.471,289.996,1.4291,0.6847,4.3427,-0.6688
D03-perturbed-028,D03,perturbed,S1,711.99,270.658,0.9525,1.9535,-0.5479,-0.0735
D03-perturbed-029,D03,perturbed,S1,186.48,299.131,1.0695,2.129,-0.3991,0.1827
D03-perturbed-030,D03,perturbed,S3,530.496,329.122,1.4244,0.8639,3.9732,-0.3059
D03-perturbed-031,D03,perturbed,S2,772.404,137.794,1.384,1.096,2.4498,1.6545
D03-perturbed-032,D03,perturbed,S2,723.766,26.026,1.3779,1.3709,2.0286,2.0301
D03-perturbed-033,D03,perturbed,S1,383.442,205.624,0.7282,1.7549,-0.1499,0.07
D03-perturbed-034,D03,perturbed,S2,667.168,10.168,1.4292,1.2965,1.7133,2.6515
D03-perturbed-035,D03,perturbed,S2,112.293,494.231,1.7231,1.3513,2.2424,1.2556
D03-perturbed-036,D03,perturbed,S1,663.898,120.22,0.9071,1.66,0.1155,-0.6472
D03-perturbed-037,D03,perturbed,S2,281.459,495.257,1.9302,1.3449,2.7427,2.353
D03-perturbed-038,D03,perturbed,S1,269.529,113.4,1.6175,1.8448,-1.4138,-0.2109
D03-perturbed-039,D03,perturbed,S2,659.008,312.217,2.0778,0.9224,2.2066,1.8237
D03-perturbed-040,D03,perturbed,S2,97.325,496.625,1.2303,1.2988,1.6444,1.3394
D03-perturbed-041,D03,perturbed,S2,591.111,88.927,1.235,1.1731,1.3998,2.5903
D03-perturbed-042,D03,perturbed,S3,794.188,152.071,2.237,0.815,3.4632,-0.8983
D03-perturbed-043,D03,perturbed,S1,316.467,428.293,1.8237,2.193,0.7192,0.3762
D03-perturbed-044,D03,perturbed,S3,40.522,279.999,1.5679,0.9001,4.565,-0.6694
D03-perturbed-045,D03,perturbed,S3,75.161,25.198,1.8035,0,4.4219,-1.0111
D03-perturbed-046,D03,perturbed,S1,414.98,354.174,1.1341,2.1823,0.0347,-1.0893
D03-perturbed-047,D03,perturbed,S2,766.554,469.412,2.5423,0.9789,2.2008,2.3327
D03-perturbed-048,D03,perturbed,S1,411.375,342.882,0.851,1.9317,-1.0667,0.068
D03-perturbed-049,D03,perturbed,S1,24.487,198.789,1.3991,1.5174,0.3812,0.1175
D03-perturbed-050,D03,perturbed,S2,148.86,470.306,0.7521,0.7966,2.2181,1.843
D03-perturbed-051,D03,perturbed,S3,66.093,273.12,1.8042,0.6332,3.9402,1.6677
D03-perturbed-052,D03,perturbed,S3,271.121,117.071,2.5123,0.6212,4.4618,-0.6725
D03-perturbed-053,D03,perturbed,S2,358.69,388.808,2.0866,0.8627,2.6456,1.6846
D03-perturbed-054,D03,perturbed,S3,46.034,411.615,2.0837,0.6579,3.5647,-0.7369
D03-perturbed-055,D03,perturbed,S2,715.815,13.234,1.0888,0.7728,2.4066,1.8896
D03-perturbed-056,D03,perturbed,S1,437.726,166.465,1.1011,2.0518,0.3809,0.0067
D03-perturbed-057,D03,perturbed,S3,74.664,39.372,2.3306,0.4207,3.6992,-0.511
D03-perturbed-058,D03,perturbed,S1,580.308,346.767,1.0636,1.875,-0.4181,0.3855
D03-perturbed-059,D03,perturbed,S2,782.974,132.779,1.2185,1.4169,2.0371,1.6413
D03-perturbed-060,D03,perturbed,S1,88.23,302.814,0.7629,1.7576,0.5166,-0.022
D03-perturbed-061,D03,perturbed,S3,339.391,274.205,1.8288,0.3894,3.7972,0.4597
D03-perturbed-062,D03,perturbed,S1,662.47,122.15,0.4897,1.7321,-0.5009,1.404
D03-perturbed-063,D03,perturbed,S1,629.878,51.806,1.311,1.5265,-0.4582,-0.7093
D03-perturbed-064,D03,perturbed,S2,361.952,283.127,1.6806,1.0395,1.2507,3.3374
D03-perturbed-065,D03,perturbed,S2,441.126,384.935,1.1709,1.2978,1.6501,1.2453
D03-perturbed-066,D03,perturbed,S1,263.058,254.081,0.6852,1.4696,-0.4932,0.6128
D03-perturbed-067,D03,perturbed,S1,731.722,308.562,0.6537,2.3118,0.0796,0.7283
D03-perturbed-068,D03,perturbed,S1,33.492,112.531,0.5807,1.7007,-0.5472,-0.1971
D03-perturbed-069,D03,perturbed,S1,359.517,43.858,0.6632,1.8693,1.2707,1.0853
D03-perturbed-070,D03,perturbed,S1,153.582,252.602,0.8218,1.7664,1.2076,-0.1068
D03-perturbed-071,D03,perturbed,S2,535.182,250.107,1.0469,1.4188,1.6126,1.55
D03-perturbed-072,D03,perturbed,S3,749.386,193.083,1.6727,0.7149,4.3057,-0.2467
D03-perturbed-073,D03,perturbed,S1,450.486,155.323,1.16,1.7116,0.0639,0.1876
D03-perturbed-074,D03,perturbed,S2,456.225,282.415,1.6355,1.232,1.9337,2.342
D03-perturbed-075,D03,perturbed,S3,451.828,334.355,2.086,0.0113,4.2888,0.4366
D03-perturbed-076,D03,perturbed,S1,581.192,167.522,0.951,1.6819,-0.0301,0.0316
D03-perturbed-077,D03,perturbed,S2,294.742,215.661,1.9457,0.8984,1.5955,2.2841
D03-perturbed-078,D03,perturbed,S3,508.935,383.75,1.7866,0.8422,3.7589,0.0241
D03-perturbed-079,D03,perturbed,S2,498.413,154.861,1.7105,1.3864,2.2199,0.9632
D04-control-000,D04,control,S3,704.358,22.626,1.6457,0.3041,3.1591,0.7575
D04-control-001,D04,control,S1,532.567,157.052,0.7968,1.1171,-0.026,0.7051
D04-control-002,D04,control,S3,398.075,266.445,1.0057,0.5826,4.5663,-0.4625
D04-control-003,D04,control,S2,308.28,347.437,0.7098,0.9182,2.0728,1.7075
D04-control-004,D04,control,S2,90.064,35.852,0.5913,1.8585,2.232,2.8297
D04-control-005,D04,control,S3,599.162,94.692,1.5529,0.8694,4.8251,-0.383
D04-control-006,D04,control,S2,180.74,372.213,0.5759,1.221,2.3011,2.2997
D04-control-007,D04,control,S1,50.36,293.512,0,1.5131,-0.1961,0.0717
D04-control-008,D04,control,S1,50.364,439.368,0,1.2272,0.5068,-0.3378
D04-control-009,D04,control,S1,297.158,360.54,0.993,1.4838,0.0885,1.713
D04-control-010,D04,control,S1,147.28,390.624,0.7496,1.1565,-0.4273,0.6915
D04-control-011,D04,control,S3,181.625,212.617,1.4107,0.0517,4.3779,0.1427
D04-control-012,D04,control,S3,141.619,300.82,1.6233,0.1091,4.2223,0.2638
D04-control-013,D04,control,S3,87.209,315.643,1.1441,0.2964,3.9705,0.3889
D04-control-014,D04,control,S2,105.406,376.528,0.9391,1.6439,2.4287,2.3963
D04-control-015,D04,control,S2,787.629,191.552,0.7214,0.5876,2.0306,2.0948
D04-control-016,D04,control,S3,249.166,172.164,2.2435,0.474,4.4698,-0.2249
D04-control-017,D04,control,S1,86.846,330.852,0.6387,0.7668,-0.0677,0.265
D04-control-018,D04,control,S1,687.315,292.307,0.417,1.5264,-0.6074,0.1429
D04-control-019,D04,control,S3,285.976,412.855,1.2124,0.1689,3.9909,0.161
D04-control-020,D04,control,S1,444.44,38.087,0.1411,1.4639,-0.1717,-0.4421
D04-control-021,D04,control,S3,48.186,6.192,1.1104,0.2585,4.1088,0.167
D04-control-022,D04,control,S2,476.92,396.933,1.2288,1.2958,2.6914,1.3007
D04-control-023,D04,control,S3,393.747,132.18,1.0011,0,4.4664,-0.4534
D04-control-024,D04,control,S3,185.586,207.706,1.9275,0.9302,3.8505,-0.1748
D04-control-025,D04,control,S3,33.707,165.008,1.7618,0.8334,3.335,-0.519
D04-control-026,D04,control,S2,756.886,6.447,0.0724,1.0211,1.6378,1.9128
D04-control-027,D04,control,S1,693.518,489.223,0.1571,1.2355,-0.712,-1.5927
D04-control-028,D04,control,S1,667.502,23.381,0.654,1.8037,0.7467,-0.307
D04-control-029,D04,control,S3,608.228,76.555,1.0416,0.0373,3.1906,-0.339
D04-control-030,D04,control,S1,22.771,312.633,0.0791,1.0436,0.5625,-0.2062
D04-control-031,D04,control,S1,143.173,489.658,0.5727,1.4297,-0.7587,-1.5423
D04-control-032,D04,control,S1,767.33,246.117,0.28,1.8875,-0.1248,0.2218
D04-control-033,D04,control,S2,18.33,113.755,0.5408,0.8776,2.3742,1.2293
D04-control-034,D04,control,S2,260.994,106.605,1.0553,1.4059,2.0197,3.1254
D04-control-035,D04,control,S3,512.054,446.613,1.2343,0.7989,4.1446,-0.9936
D04-control-036,D04,control,S3,285.926,218.983,1.5238,1.0413,4.7616,1.7376
D04-control-037,D04,control,S1,734.439,435.761,0.0413,0.8321,-0.2286,0.2938
D04-control-038,D04,control,S2,655.517,251.049,0.887,1.1389,1.8565,1.2944
D04-control-039,D04,control,S2,110.522,142.719,1.2488,1.3916,2.1478,1.7627
D04-control-040,D04,control,S3,409.941,62.323,1.139,0,3.9634,0.6669
D04-control-041,D04,control,S2,154.893,304.991,0.7251,1.3782,2.149,1.4169
D04-control-042,D04,control,S3,266.491,369.899,0.7897,0.3249,2.9842,1.1412
D04-control-043,D04,control,S1,788.451,259.46,0.9459,0.9975,-0.4979,-1.5193
D04-control-044,D04,control,S1,769.643,64.737,0.1602,1.4146,1.3456,-0.8993
D04-control-045,D04,control,S1,532.999,442.473,0.2101,1.7747,0.4465,0.6186
D04-control-046,D04,control,S1,508.489,279.852,0.7378,1.9964,0.2933,-0.4375
D04-control-047,D04,control,S1,230.474,442.836,0.389,1.7766,1.0348,-0.9526
D04-control-048,D04,control,S1,334.107,388.091,0.4424,1.1902,-0.54,0.9342
D04-control-049,D04,control,S3,513.876,86.687,1.7587,0.1519,4.2339,0.5674
D04-control-050,D04,control,S3,204.373,226.188,1.4475,0,4.4448,0.1426
D04-control-051,D04,control,S2,376.123,473.579,0.8658,1.8751,2.7752,3.5015
D04-control-052,D04,control,S2,110.971,135.857,0.9088,1.1289,1.4638,1.5432
D04-control-053,D04,control,S3,90.185,111.271,0.8441,0.206,3.7792,-1.2727
D04-control-054,D04,control,S1,692.127,176.868,0,1.5923,0.6658,0.7519
D04-control-055,D04,control,S3,511.537,65.085,1.2404,0.4168,4.256,0.1878
D04-control-056,D04,control,S1,369.932,199.694,0.1066,0.945,-0.9504,-0.5575
D04-control-057,D04,control,S2,692.123,188.896,0.9579,0.6195,2.8062,1.6498
D04-control-058,D04,control,S1,493.757,326.518,1.2857,2.3288,1.1722,0.1395
D04-control-059,D04,control,S1,437.198,383.37,0.9233,1.3697,0.3049,-0.7886
D04-control-060,D04,control,S3,714.383,417.081,1.1833,0.457,4.5366,0.3496
D04-control-061,D04,control,S1,653.185,54.92,0.5566,2.191,0.0162,-0.3392
D04-control-062,D04,control,S3,560.914,371.302,1.7896,0.424,4.6664,-0.8234
D04-control-063,D04,control,S3,275.256,311.706,1.3947,0.8205,4.1533,-0.4542
D04-control-064,D04,control,S3,218.259,489.945,1.3117,0.0647,3.9625,-0.2873
D04-control-065,D04,control,S3,159.897,463.979,1.9349,0,3.8608,-0.6006
D04-control-066,D04,control,S1,278.552,344.72,0.1023,1.2909,-0.4743,-0.5663
D04-control-067,D04,control,S1,760.809,449.112,0.6126,1.189,-0.0673,-0.1945
D04-control-068,D04,control,S2,564.894,187.167,1.0603,1.1576,2.0815,0.9993
D04-control-069,D04,control,S1,441.09,234.158,0.1452,1.291,-0.3164,0.0049
D04-control-070,D04,control,S1,263.138,336.738,0.0552,1.5479,0.5105,-0.5026
D04-control-071,D04,control,S1,646.799,237.118,1.1531,2.2219,-0.5859,0.6381
D04-control-072,D04,control,S1,483.0,383.092,0.8071,1.8642,-0.8129,0.8878
D04-control-073,D04,control,S1,363.875,68.834,0.2412,1.4025,0.1217,-0.1568
D04-control-074,D04,control,S1,425.218,377.832,0.571,2.0419,-0.1544,-0.6054
D04-control-075,D04,control,S2,62.139,127.051,1.2373,1.3776,2.2935,2.3324
D04-control-076,D04,control,S2,531.782,415.267,1.0108,0.3791,2.1565,1.0389
D04-control-077,D04,control,S1,526.732,408.233,1.0884,1.7671,-0.0195,1.0014
D04-control-078,D04,control,S3,694.859,456.845,1.5883,0.2028,3.5735,-1.0554
D04-control-079,D04,control,S3,448.174,467.389,1.2311,0.567,4.3878,-0.6818
D04-perturbed-000,D04,perturbed,S3,28.469,396.04,1.3788,0.6917,5.0565,0.6525
D04-perturbed-001,D04,perturbed,S2,163.332,0.044,1.7758,0.6234,1.9699,1.3928
D04-perturbed-002,D04,perturbed,S2,500.329,481.721,1.1704,0.7642,1.9361,2.5365
D04-perturbed-003,D04,perturbed,S1,551.404,444.402,0.3823,1.5199,0.0673,0.2082
D04-perturbed-004,D04,perturbed,S2,407.206,361.54,0.7159,1.0163,2.0735,1.77
D04-perturbed-005,D04,perturbed,S3,337.83,267.35,1.7703,0,5.0276,-0.0207
D04-perturbed-006,D04,perturbed,S1,343.334,240.685,0.3494,1.3157,-0.3626,-0.3404
D04-perturbed-007,D04,perturbed,S3,462.218,213.662,1.7437,0.3564,3.8999,0.1523
D04-perturbed-008,D04,perturbed,S2,490.964,334.382,1.6517,0.7227,1.815,1.1428
D04-perturbed-009,D04,perturbed,S3,194.146,302.825,2.0541,0,4.647,1.3396
D04-perturbed-010,D04,perturbed,S3,626.945,379.101,1.8882,0.283,3.7693,0.7195
D04-perturbed-011,D04,perturbed,S3,707.933,92.638,1.4626,0.8404,4.1284,-0.384
D04-perturbed-012,D04,perturbed,S2,768.583,329.196,1.2416,1.1202,2.7406,2.4651
D04-perturbed-013,D04,perturbed,S3,354.938,68.48,1.4706,0.5102,4.0616,0.9139
D04-perturbed-014,D04,perturbed,S2,795.611,49.358,1.665,0.2802,1.7714,0.7202
D04-perturbed-015,D04,perturbed,S2,45.955,76.64,1.4969,0.1668,2.7613,2.5535
D04-perturbed-016,D04,perturbed,S1,556.537,213.04,0.6138,2.4438,0.4659,-0.5137
D04-perturbed-017,D04,perturbed,S1,306.546,483.821,1.3654,2.0411,0.1752,0.7988
D04-perturbed-018,D04,perturbed,S2,335.687,70.006,1.3966,0.3214,1.9011,1.692
D04-perturbed-019,D04,perturbed,S2,167.537,407.131,1.5489,0.9646,2.191,0.6322
D04-perturbed-020,D04,perturbed,S2,372.725,77.983,1.6629,1.1409,2.3227,2.7618
D04-perturbed-021,D04,perturbed,S2,212.133,313.933,1.0667,0.8234,2.6485,2.1185
D04-perturbed-022,D04,perturbed,S2,774.989,435.392,1.0577,1.2329,3.5034,1.1833
D04-perturbed-023,D04,perturbed,S3,447.15,100.649,1.4818,0.4138,4.1891,0.0734
D04-perturbed-024,D04,perturbed,S2,96.013,318.067,0.9303,1.1158,1.8759,2.0199
D04-perturbed-025,D04,perturbed,S3,749.55,67.714,1.2308,0.3501,4.9006,-1.1973
D04-perturbed-026,D04,perturbed,S2,393.592,462.605,1.1984,0.8738,2.44,1.6742
D04-perturbed-027,D04,perturbed,S2,633.513,170.992,1.3478,0.4105,1.5569,1.8293
D04-perturbed-028,D04,perturbed,S2,738.759,247.565,0.5242,1.028,2.3589,1.3132
D04-perturbed-029,D04,perturbed,S3,2.335,460.837,1.1883,0.824,4.2825,-0.9469
D04-perturbed-030,D04,perturbed,S2,107.953,322.429,0.7205,0.7876,1.2758,1.5673
D04-perturbed-031,D04,perturbed,S2,276.875,471.032,1.4061,1.0266,2.4308,1.8906
D04-perturbed-032,D04,perturbed,S2,472.117,170.527,2.083,2.0036,2.2653,1.9999
D04-perturbed-033,D04,perturbed,S1,176.286,435.137,0.8569,1.3345,-0.2563,0.4524
D04-perturbed-034,D04,perturbed,S3,775.817,147.879,1.6689,0.1526,4.2657,1.3291
D04-perturbed-035,D04,perturbed,S2,695.169,195.366,1.0894,0.7835,1.4326,1.9956
D04-perturbed-036,D04,perturbed,S3,333.683,86.584,1.6534,0.0764,3.6694,0.4635
D04-perturbed-037,D04,perturbed,S3,384.642,37.553,1.1878,0.1796,4.3763,0.2579
D04-perturbed-038,D04,perturbed,S3,253.142,29.362,1.4821,0.6757,4.4105,-0.1047
D04-perturbed-039,D04,perturbed,S2,233.708,43.687,0.9234,1.1841,2.528,1.834
D04-perturbed-040,D04,perturbed,S1,377.36,338.02,1.4331,1.6308,-0.1187,0.102
D04-perturbed-041,D04,perturbed,S2,674.954,100.334,0.8487,1.4041,2.6026,1.4159
D04-perturbed-042,D04,perturbed,S2,505.581,375.51,1.1376,0.9197,2.5528,2.5243
D04-perturbed-043,D04,perturbed,S2,167.611,114.002,1.1292,1.7234,2.177,1.986
D04-perturbed-044,D04,perturbed,S2,585.918,314.504,2.1371,1.0764,1.8408,2.2729
D04-perturbed-045,D04,perturbed,S2,605.008,487.928,1.0793,0.8997,1.8173,1.1811
D04-perturbed-046,D04,perturbed,S3,438.214,495.614,1.6326,0.1247,3.9132,-0.4961
D04-perturbed-047,D04,perturbed,S1,619.909,72.36,0.5288,2.0624,-0.6283,-1.3925
D04-perturbed-048,D04,perturbed,S2,188.062,227.612,1.2926,0.7764,2.4292,1.8778
D04-perturbed-049,D04,perturbed,S2,162.679,465.361,1.2461,0.9758,2.2451,2.0849
D04-perturbed-050,D04,perturbed,S3,715.556,368.582,1.6222,0,4.5728,0.0616
D04-perturbed-051,D04,perturbed,S2,101.448,284.622,1.8145,0.9725,2.1484,2.189
D04-perturbed-052,D04,perturbed,S1,167.078,253.267,1.0975,1.5547,0.2072,-0.7492
D04-perturbed-053,D04,perturbed,S2,300.55,54.767,1.7463,1.4408,2.6005,1.5528
D04-perturbed-054,D04,perturbed,S2,45.176,163.675,0.8126,1.1042,2.0715,2.3253
D04-perturbed-055,D04,perturbed,S3,151.616,198.956,2.1286,0,4.1155,0.054
D04-perturbed-056,D04,perturbed,S1,12.639,152.505,0.6326,1.774,-0.2775,-0.9149
D04-perturbed-057,D04,perturbed,S2,389.326,306.918,1.3216,1.1457,2.2379,1.191
D04-perturbed-058,D04,perturbed,S3,281.582,481.271,1.5161,0.4276,4.1955,0.4939
D04-perturbed-059,D04,perturbed,S3,177.979,270.598,2.092,0.2757,4.4471,0.3972
D04-perturbed-060,D04,perturbed,S1,352.892,469.125,0.9334,1.0313,0.4647,2.0211
D04-perturbed-061,D04,perturbed,S2,651.651,235.497,2.2239,0.9176,2.8432,1.8156
D04-perturbed-062,D04,perturbed,S2,85.125,444.026,1.0755,0.5814,1.7973,2.6374
D04-perturbed-063,D04,perturbed,S1,23.652,143.656,1.0548,1.3132,0.1784,1.0967
D04-perturbed-064,D04,perturbed,S2,529.538,154.742,0.9532,1.0176,2.4,2.3744
D04-perturbed-065,D04,perturbed,S1,86.833,225.869,0.9017,1.696,0.0183,1.2187
D04-perturbed-066,D04,perturbed,S3,231.233,498.584,2.0252,0,4.775,-1.1823
D04-perturbed-067,D04,perturbed,S1,263.856,220.457,0.5029,1.884,-0.5412,-0.561
D04-perturbed-068,D04,perturbed,S2,545.802,471.888,1.2488,0.9056,2.3577,2.4959
D04-perturbed-069,D04,perturbed,S2,49.219,312.642,1.416,0.9806,1.8099,0.7734
D04-perturbed-070,D04,perturbed,S1,641.635,488.481,0.1643,1.1889,-0.9847,0.4713
D04-perturbed-071,D04,perturbed,S3,105.553,180.874,1.4134,0.0968,3.7011,0.2285
D04-perturbed-072,D04,perturbed,S1,438.561,13.796,0.4766,1.4477,0.2434,0.3236
D04-perturbed-073,D04,perturbed,S1,177.671,466.122,1.0142,1.7964,0.4492,-0.2545
D04-perturbed-074,D04,perturbed,S1,35.625,430.409,0.485,1.378,-0.3966,-1.3408
D04-perturbed-075,D04,perturbed,S2,467.556,198.854,1.2033,1.2188,2.5712,2.2075
D04-perturbed-076,D04,perturbed,S2,465.224,220.275,1.1503,1.4753,2.0148,2.6098
D04-perturbed-077,D04,perturbed,S2,113.965,408.631,1.1146,0.2459,2.0807,2.5252
D04-perturbed-078,D04,perturbed,S2,532.637,242.214,1.072,1.3889,1.2462,2.1018
D04-perturbed-079,D04,perturbed,S2,265.302,437.726,1.8217,0.8829,2.4941,1.7807
D05-control-000,D05,control,S1,644.149,269.212,0.7312,1.7261,-0.0135,0.4437
D05-control-001,D05,control,S3,735.553,74.363,1.1405,0.9085,4.4361,0.0498
D05-control-002,D05,control,S1,279.217,240.203,0.2621,1.8991,-0.0841,-0.9148
D05-control-003,D05,control,S1,603.209,341.524,1.1779,1.624,-0.0414,-0.8939
D05-control-004,D05,control,S1,546.504,196.214,0.5207,0.5653,0.1836,1.2444
D05-control-005,D05,control,S2,764.164,487.098,0.7693,0.6477,2.022,2.9139
D05-control-006,D05,control,S1,88.905,493.319,0.3147,1.7225,0.128,-0.8904
D05-control-007,D05,control,S3,116.024,191.562,2.1214,0.6292,3.9378,-0.2124
D05-control-008,D05,control,S1,40.183,428.906,0.4201,1.2176,-0.483,-0.2276
D05-control-009,D05,control,S1,199.439,36.849,0.2515,1.0689,0.0861,0.1807
D05-control-010,D05,control,S3,643.695,333.44,0.8041,0.325,4.5706,0.6207
D05-control-011,D05,control,S1,690.076,67.146,0.4505,1.542,0.3087,0.7394
D05-control-012,D05,control,S3,511.526,93.692,1.7619,0.0463,3.9443,0.8247
D05-control-013,D05,control,S1,532.806,158.408,0.3006,1.474,-0.2332,0.3175
D05-control-014,D05,control,S1,96.73,178.141,0.1996,1.2979,0.7103,0.3045
D05-control-015,D05,control,S1,750.664,67.269,0.5621,0.7443,-0.2159,1.0594
D05-control-016,D05,control,S1,280.689,304.54,0.6497,0.9223,0.2826,-0.4873
D05-control-017,D05,control,S3,698.683,59.673,1.2639,0.1003,4.5705,-0.8271
D05-control-018,D05,control,S2,352.858,118.885,0.4567,0.507,2.2404,2.1064
D05-control-019,D05,control,S2,420.275,14.686,1.188,0.8619,1.7026,2.3785
D05-control-020,D05,control,S1,583.021,219.422,0.7851,0.9747,0.5821,0.1783
D05-control-021,D05,control,S1,580.826,165.163,0.0927,1.5203,0.0776,-0.0504
D05-control-022,D05,control,S1,374.448,476.907,0.4516,1.431,0.0153,0.4257
D05-control-023,D05,control,S1,382.653,207.914,0.3542,1.1696,0.3545,-0.5803
D05-control-024,D05,control,S1,341.56,495.685,0.7032,1.5696,-0.3404,-0.7003
D05-control-025,D05,control,S3,225.255,371.427,1.5279,0,4.5763,0.2783
D05-control-026,D05,control,S2,164.473,37.607,0.7558,0.5326,2.0464,0.9144
D05-control-027,D05,control,S1,511.954,293.217,1.2085,1.2918,0.1346,0.8708
D05-control-028,D05,control,S1,31.337,178.517,0.5337,1.2151,-0.3344,-0.3021
D05-control-029,D05,control,S1,528.702,283.084,0.6683,1.0589,-0.0918,-0.4766
D05-control-030,D05,control,S1,376.985,50.152,0,1.4115,0.3094,-0.557
D05-control-031,D05,control,S3,508.544,273.474,1.0808,0,4.8233,0.3239
D05-control-032,D05,control,S1,46.574,290.355,0.8813,1.8332,-0.1326,0.0171
D05-control-033,D05,control,S2,381.579,152.853,0.815,0.9742,2.2074,1.7413
D05-control-034,D05,control,S1,33.384,108.754,1.0354,1.8438,0.2617,0.4332
D05-control-035,D05,control,S3,92.109,275.805,1.4309,0.1368,3.7129,-0.3456
D05-control-036,D05,control,S3,708.287,339.607,0.8892,0.7924,4.8242,0.7746
D05-control-037,D05,control,S3,110.769,68.262,1.0343,0.2904,3.8286,1.0191
D05-control-038,D05,control,S1,482.251,196.745,0.886,1.6558,-0.3831,-0.1141
D05-control-039,D05,control,S1,97.996,21.911,0.8287,1.5262,-0.175,0.147
D05-control-040,D05,control,S2,772.652,232.378,0.2537,0.5992,2.3829,3.0651
D05-control-041,D05,control,S2,556.205,70.351,1.4067,1.2728,1.9016,1.6717
D05-control-042,D05,control,S1,429.027,458.672,0.7479,1.8697,0.0659,-1.3758
D05-control-043,D05,control,S1,60.65,194.113,0.1479,1.1149,0.1973,-0.4634
D05-control-044,D05,control,S2,212.458,176.374,1.3374,1.1201,2.0651,1.7642
D05-control-045,D05,control,S3,699.158,142.333,1.5298,0.1394,4.0595,-0.1619
D05-control-046,D05,control,S2,660.709,191.152,0.7283,1.074,1.2717,2.0649
D05-control-047,D05,control,S1,219.436,268.515,0.2225,1.3423,0.9664,0.1527
D05-control-048,D05,control,S1,383.829,0.061,0.777,1.2749,-0.0358,-0.1551
D05-control-049,D05,control,S1,163.986,120.124,0.9886,1.4613,0.1319,0.459
D05-control-050,D05,control,S3,191.629,457.382,1.3711,0.3308,4.1856,-0.4544
D05-control-051,D05,control,S2,781.296,320.785,0.7912,1.1894,1.4502,1.1547
D05-control-052,D05,control,S2,140.197,177.241,1.0967,0.5298,2.4739,2.0643
D05-control-053,D05,control,S1,303.999,135.543,0.33,1.6876,-0.2995,0.3016
D05-control-054,D05,control,S3,648.745,51.235,0.8795,0.5667,3.5923,-1.23
D05-control-055,D05,control,S3,683.599,164.689,1.1371,0,4.99,0.2277
D05-control-056,D05,control,S3,475.817,257.571,1.2771,0.56,3.5111,-0.2381
D05-control-057,D05,control,S2,172.685,326.627,1.1356,1.2048,3.7529,2.2208
D05-control-058,D05,control,S1,163.302,15.977,0.5968,1.4142,0.0497,0.734
D05-control-059,D05,control,S3,591.484,463.513,0.9313,0,3.8796,-0.221
D05-control-060,D05,control,S1,524.946,486.425,0.321,1.6493,0.1476,0.3714
D05-control-061,D05,control,S3,719.49,35.671,0.9474,0.6018,3.6343,0.4238
D05-control-062,D05,control,S3,35.836,124.125,1.1711,0.251,3.7288,-0.02
D05-control-063,D05,control,S1,421.104,380.908,0.5243,0.5916,-0.8856,0.5464
D05-control-064,D05,control,S3,249.728,423.742,1.2228,0.2583,3.9843,-0.2276
D05-control-065,D05,control,S3,261.68,54.687,1.4804,0.688,3.8779,0.2471
D05-control-066,D05,control,S1,236.891,474.143,0.2054,1.215,-0.3863,-0.8749
D05-control-067,D05,control,S3,736.173,237.552,1.4851,0,4.7205,-0.7894
D05-control-068,D05,control,S2,272.557,103.719,0.4078,0.9812,2.0189,2.4243
D05-control-069,D05,control,S1,374.586,1.196,0.3242,1.4461,-0.1291,0.8061
D05-control-070,D05,control,S2,571.688,458.251,0.5914,1.0115,2.3824,2.0033
D05-control-071,D05,control,S2,228.264,249.656,0,1.321,1.5839,1.7294
D05-control-072,D05,control,S3,626.384,424.341,1.0479,0.6202,5.0112,0.756
D05-control-073,D05,control,S2,35.791,342.823,0.7262,0.6398,1.5619,3.3081
D05-control-074,D05,control,S1,534.567,189.224,0.4563,1.2321,-0.9426,-0.1301
D05-control-075,D05,control,S1,243.817,247.22,0.9421,1.5605,-0.5759,0.1058
D05-control-076,D05,control,S1,179.672,72.438,0.3967,1.5104,0.1135,0.1184
D05-control-077,D05,control,S1,363.234,386.953,0.0984,1.7966,-0.4554,-0.0506
D05-control-078,D05,control,S3,573.852,399.617,0.7541,0.1812,4.6612,-1.7626
D05-control-079,D05,control,S2,687.167,294.854,0.6884,1.023,2.3329,2.6268
D05-perturbed-000,D05,perturbed,S2,671.289,159.292,1.4853,0,2.7869,2.2809
D05-perturbed-001,D05,perturbed,S2,611.046,351.459,0.8094,0.3371,1.3621,3.1861
D05-perturbed-002,D05,perturbed,S1,554.581,253.068,0.3041,1.5143,-0.0126,0.8791
D05-perturbed-003,D05,perturbed,S2,249.361,384.097,1.7128,0.6791,1.8884,1.8676
D05-perturbed-004,D05,perturbed,S3,607.196,218.451,1.9207,0.1613,4.5205,-0.4543
D05-perturbed-005,D05,perturbed,S2,499.903,421.545,0.9635,0.7194,2.7944,1.7968
D05-perturbed-006,D05,perturbed,S1,566.941,153.658,0.9476,0.9549,0.8445,-0.3944
D05-perturbed-007,D05,perturbed,S2,595.344,124.855,1.1865,0.6835,1.7382,2.2672
D05-perturbed-008,D05,perturbed,S1,88.687,446.406,1.5487,1.1585,-0.1632,0.0215
D05-perturbed-009,D05,perturbed,S1,462.424,431.904,0.1692,1.825,-0.2461,0.3379
D05-perturbed-010,D05,perturbed,S1,466.969,458.698,1.6982,1.47,0.4198,-0.8346
D05-perturbed-011,D05,perturbed,S1,366.857,209.412,0.3667,1.8216,-0.1516,-1.2168
D05-perturbed-012,D05,perturbed,S2,270.342,272.952,0.8198,1.3886,2.6213,2.4902
D05-perturbed-013,D05,perturbed,S1,202.934,326.765,0.9469,1.3761,0.5074,-0.1259
D05-perturbed-014,D05,perturbed,S2,45.588,71.307,1.181,0.9339,1.6548,1.5679
D05-perturbed-015,D05,perturbed,S1,743.614,97.642,0.9417,1.3881,-0.7125,0.4277
D05-perturbed-016,D05,perturbed,S2,601.768,206.823,1.177,0.6297,1.8315,2.4939
D05-perturbed-017,D05,perturbed,S2,477.136,442.739,0.8981,1.2148,1.6743,2.7978
D05-perturbed-018,D05,perturbed,S3,312.329,299.598,2.0878,0.5539,3.7942,0.6182
D05-perturbed-019,D05,perturbed,S1,463.855,481.385,0.7502,1.5491,-0.8027,0.4144
D05-perturbed-020,D05,perturbed,S1,519.909,416.723,0.5093,1.516,1.3537,0.3107
D05-perturbed-021,D05,perturbed,S2,693.909,102.742,1.3732,1.4665,1.916,2.2958
D05-perturbed-022,D05,perturbed,S1,454.244,190.545,0.5669,1.0999,0.4723,-1.1579
D05-perturbed-023,D05,perturbed,S2,210.61,216.797,1.4546,1.3352,2.0944,2.1498
D05-perturbed-024,D05,perturbed,S3,148.793,395.909,1.1152,0.8652,3.2454,-0.0617
D05-perturbed-025,D05,perturbed,S1,362.595,366.142,0.9671,1.5061,0.0204,0.4732
D05-perturbed-026,D05,perturbed,S1,10.325,293.457,0.1686,1.3572,0.6503,1.1205
D05-perturbed-027,D05,perturbed,S1,363.683,39.455,0.2244,1.7329,-0.5919,-0.1793
D05-perturbed-028,D05,perturbed,S1,424.923,395.314,1.0129,1.6961,0.5164,-0.8703
D05-perturbed-029,D05,perturbed,S3,232.857,327.596,1.9244,0.394,4.0757,-0.862
D05-perturbed-030,D05,perturbed,S2,704.852,267.133,1.4599,0.872,1.6956,2.2043
D05-perturbed-031,D05,perturbed,S1,24.518,52.966,0.7169,1.4838,0.2081,-0.1624
D05-perturbed-032,D05,perturbed,S2,395.154,16.429,1.5493,0.8205,2.3486,2.0476
D05-perturbed-033,D05,perturbed,S2,736.584,374.567,1.3157,1.0753,3.3011,3.0055
D05-perturbed-034,D05,perturbed,S1,670.437,194.265,0.656,1.1071,-0.5537,0.2182
D05-perturbed-035,D05,perturbed,S2,669.209,155.742,1.1578,0.6969,2.2708,1.8502
D05-perturbed-036,D05,perturbed,S2,659.854,380.247,1.705,0.9633,1.3859,1.4464
D05-perturbed-037,D05,perturbed,S2,747.535,58.191,0.9845,1.1008,2.0884,2.5063
D05-perturbed-038,D05,perturbed,S2,395.334,228.528,1.4098,1.0703,2.01,1.6523
D05-perturbed-039,D05,perturbed,S2,305.861,79.086,1.101,0.6948,1.9946,2.6822
D05-perturbed-040,D05,perturbed,S1,462.695,164.667,1.0726,1.442,-0.2525,-0.1878
D05-perturbed-041,D05,perturbed,S3,465.122,371.952,1.7637,0.3848,5.5575,0.1666
D05-perturbed-042,D05,perturbed,S1,712.331,78.141,0.447,1.0731,0.8723,0.7901
D05-perturbed-043,D05,perturbed,S3,331.182,398.193,1.8944,0.4446,4.4264,-0.979
D05-perturbed-044,D05,perturbed,S2,348.871,167.786,1.4476,0.8863,2.4087,2.3969
D05-perturbed-045,D05,perturbed,S1,216.158,318.418,0.9911,1.2982,1.0366,-0.1886
D05-perturbed-046,D05,perturbed,S3,132.236,445.406,1.5678,0.1446,3.9939,-0.6146
D05-perturbed-047,D05,perturbed,S2,585.259,64.099,1.2506,1.0596,2.5083,2.3498
D05-perturbed-048,D05,perturbed,S1,708.382,116.506,0.2303,1.5896,0.1068,0.7058
D05-perturbed-049,D05,perturbed,S3,512.092,319.225,1.0252,0.2963,3.3357,-0.5868
D05-perturbed-050,D05,perturbed,S3,158.34,70.072,1.5944,0.4529,3.5236,0.7326
D05-perturbed-051,D05,perturbed,S2,203.402,442.403,1.3488,0.5018,2.4912,2.0136
D05-perturbed-052,D05,perturbed,S1,609.038,497.447,0.4705,1.006,-0.4541,0.1981
D05-perturbed-053,D05,perturbed,S2,522.495,258.285,0.6433,0.4213,1.6032,2.1658
D05-perturbed-054,D05,perturbed,S3,484.15,198.085,1.4856,0.4584,2.7869,-0.4937
D05-perturbed-055,D05,perturbed,S2,6.564,296.138,0.3896,0.2818,1.3476,2.6888
D05-perturbed-056,D05,perturbed,S3,449.278,493.001,1.99,0.7409,3.9299,0.4021
D05-perturbed-057,D05,perturbed,S2,0.159,456.093,0.6327,0.5791,2.102,2.3661
D05-perturbed-058,D05,perturbed,S3,598.315,132.539,1.4695,0.2862,3.5953,0.0704
D05-perturbed-059,D05,perturbed,S1,372.594,284.181,0,1.3844,0.2841,-0.763
D05-perturbed-060,D05,perturbed,S2,798.202,210.221,0.0566,1.1834,1.8103,2.8944
D05-perturbed-061,D05,perturbed,S2,299.254,96.382,1.3582,0.5997,1.5926,2.1879
D05-perturbed-062,D05,perturbed,S2,1.251,375.994,0.8638,0.8756,2.2114,1.3002
D05-perturbed-063,D05,perturbed,S2,43.403,32.383,0.4664,0.8053,1.9864,2.3315
D05-perturbed-064,D05,perturbed,S2,736.784,92.316,1.3363,0.8056,1.9352,2.0969
D05-perturbed-065,D05,perturbed,S2,464.342,347.313,1.7351,0.3639,2.1968,2.5865
D05-perturbed-066,D05,perturbed,S1,561.16,337.107,0.4711,1.6611,0.4327,-0.4534
D05-perturbed-067,D05,perturbed,S1,214.016,359.543,0.9139,1.3986,-0.1491,-0.112
D05-perturbed-068,D05,perturbed,S1,542.921,473.205,0.5432,1.6393,-0.3796,1.7303
D05-perturbed-069,D05,perturbed,S2,324.745,321.335,1.5073,0.4966,2.1552,2.4575
D05-perturbed-070,D05,perturbed,S1,50.329,476.261,0.1947,1.7417,-0.5514,0.1721
D05-perturbed-071,D05,perturbed,S2,161.128,92.305,0.987,1.0287,2.174,2.4592
D05-perturbed-072,D05,perturbed,S1,16.181,132.566,0.5188,1.2836,-0.5446,0.7968
D05-perturbed-073,D05,perturbed,S2,77.681,390.144,1.338,1.0079,1.7727,1.1068
D05-perturbed-074,D05,perturbed,S2,386.708,47.339,1.3764,1.084,1.9066,2.3661
D05-perturbed-075,D05,perturbed,S3,719.367,291.209,1.8083,0.2283,4.3283,-1.0239
D05-perturbed-076,D05,perturbed,S1,155.959,92.198,0.4077,1.7133,-0.5821,0.646
D05-perturbed-077,D05,perturbed,S3,193.271,232.782,1.5273,0,3.8156,-0.5442
D05-perturbed-078,D05,perturbed,S2,369.486,300.729,0.9354,0.4759,2.1226,0.3053
D05-perturbed-079,D05,perturbed,S3,17.768,426.717,2.4971,0,3.7831,-0.3363
D06-control-000,D06,control,S1,634.715,260.143,0,1.8526,0.4388,0.2442
D06-control-001,D06,control,S1,601.796,263.637,0.5652,1.4664,-0.8962,0.0916
D06-control-002,D06,control,S1,550.505,460.247,1.0466,1.3143,0.1179,0.9767
D06-control-003,D06,control,S2,392.129,349.611,1.1053,1.2425,1.6304,2.3125
D06-control-004,D06,control,S1,562.728,277.422,0.7496,1.6896,0.3302,-0.2716
D06-control-005,D06,control,S2,389.433,250.517,1.422,1.1349,1.8837,1.839
D06-control-006,D06,control,S1,708.539,267.431,0.4115,1.952,-0.1025,-0.3208
D06-control-007,D06,control,S1,237.056,171.534,0.6171,1.8672,0.0807,-0.2227
D06-control-008,D06,control,S3,595.315,461.141,1.4707,0.6865,4.0239,-0.2414
D06-control-009,D06,control,S3,19.448,251.22,1.9889,0.2338,4.3525,0.6572
D06-control-010,D06,control,S2,53.113,476.685,1.2106,1.5606,2.3666,3.1886
D06-control-011,D06,control,S2,584.446,394.851,1.541,0.968,1.2559,1.8253
D06-control-012,D06,control,S2,464.236,332.469,1.2574,1.0458,2.2504,1.9115
D06-control-013,D06,control,S2,563.967,302.868,0.7604,1.6535,1.4763,2.2888
D06-control-014,D06,control,S3,539.671,390.986,1.6483,0.9055,4.3915,-0.5041
D06-control-015,D06,control,S1,747.317,313.281,1.0917,2.431,-0.1568,-0.3372
D06-control-016,D06,control,S2,410.646,183.978,1.1047,1.2377,2.19,2.8037
D06-control-017,D06,control,S2,154.429,97.117,1.2223,0.86,1.7117,1.9919
D06-control-018,D06,control,S1,227.871,240.171,1.1969,1.5135,-0.1095,-0.3788
D06-control-019,D06,control,S2,733.68,169.036,1.0561,1.2231,2.0746,1.9805
D06-control-020,D06,control,S1,401.946,137.097,0.5963,1.7627,0.7812,0.6754
D06-control-021,D06,control,S1,428.931,311.092,0.3863,1.7665,-0.178,0.2917
D06-control-022,D06,control,S3,210.069,489.939,1.1466,0.6249,4.3741,0.588
D06-control-023,D06,control,S1,599.257,367.481,0,1.2552,-0.2076,-0.7676
D06-control-024,D06,control,S3,167.219,403.636,0.7188,1.1698,3.5405,0.6022
D06-control-025,D06,control,S2,755.796,459.966,1.3454,1.1047,2.4051,2.1443
D06-control-026,D06,control,S1,394.594,352.487,1.0279,1.3899,-0.449,0.182
D06-control-027,D06,control,S2,87.593,280.493,0.948,1.0068,2.1213,2.7501
D06-control-028,D06,control,S1,471.939,311.167,0.8964,1.516,-0.1165,-0.2999
D06-control-029,D06,control,S2,135.21,488.906,0.6354,1.7025,2.3448,2.0003
D06-control-030,D06,control,S2,688.299,273.636,1.2188,1.2178,2.3131,0.7299
D06-control-031,D06,control,S1,686.272,307.377,0.815,1.7638,-0.6501,-0.1372
D06-control-032,D06,control,S2,393.592,146.723,1.2199,1.4451,2.091,2.3496
D06-control-033,D06,control,S1,2.887,151.93,1.1657,1.4491,-0.3312,0.16
D06-control-034,D06,control,S3,350.953,276.6,1.4345,0.4102,3.6013,0.4755
D06-control-035,D06,control,S1,686.107,435.79,0.5386,1.5269,-0.6254,-0.4033
D06-control-036,D06,control,S1,173.446,253.792,1.2015,1.3082,-0.1348,-0.3207
D06-control-037,D06,control,S2,140.647,2.367,0.9991,1.3108,2.7696,2.6291
D06-control-038,D06,control,S1,116.544,100.4,0.6018,1.2102,-0.5211,-0.5289
D06-control-039,D06,control,S3,681.406,401.567,1.4469,0.7419,4.6514,0.8229
D06-control-040,D06,control,S1,115.303,468.717,0.4219,1.6249,0.5286,0.7011
D06-control-041,D06,control,S2,576.811,90.46,1.2678,1.105,1.5853,1.5385
D06-control-042,D06,control,S3,708.574,342.311,1.4801,0.4762,3.9045,0.2614
D06-control-043,D06,control,S1,711.098,87.688,0.0552,1.5752,-0.4142,0.0287
D06-control-044,D06,control,S2,406.454,36.161,1.1942,0.946,3.0155,2.1375
D06-control-045,D06,control,S2,210.909,418.38,1.2184,1.135,2.2854,2.1132
D06-control-046,D06,control,S2,785.939,479.869,1.5949,1.7831,2.1661,2.6604
D06-control-047,D06,control,S1,109.447,240.664,0.6759,1.427,-0.0969,-0.0358
D06-control-048,D06,control,S2,349.055,25.727,1.4171,0.8641,2.4678,1.7137
D06-control-049,D06,control,S2,344.829,414.83,1.2161,1.0095,2.2158,2.2914
D06-control-050,D06,control,S3,182.618,374.702,1.863,0.5484,4.5701,-0.7852
D06-control-051,D06,control,S3,738.147,124.707,1.4689,0.6385,3.8405,-0.1867
D06-control-052,D06,control,S3,392.036,369.456,1.6151,0.9414,3.2429,0.7327
D06-control-053,D06,control,S1,502.299,31.469,1.3266,1.8327,0.4633,1.035
D06-control-054,D06,control,S3,722.778,214.49,1.3008,0.4031,3.8326,0.3046
D06-control-055,D06,control,S2,304.285,318.902,1.4548,1.02,2.5829,2.7311
D06-control-056,D06,control,S1,648.754,221.893,0.3192,1.463,0.4671,0.7143
D06-control-057,D06,control,S1,484.174,402.066,0.8949,1.7355,0.827,-0.2721
D06-control-058,D06,control,S1,689.238,72.61,0.7336,1.5472,0.1183,0.845
D06-control-059,D06,control,S1,715.522,122.0,0.1312,1.9217,-0.3451,-0.8875
D06-control-060,D06,control,S2,301.824,256.256,0.7403,1.3401,1.5285,2.2016
D06-control-061,D06,control,S1,160.85,33.044,1.1261,1.8238,0.1344,-0.031
D06-control-062,D06,control,S1,644.649,329.403,0.445,2.2674,-0.4269,0.1572
D06-control-063,D06,control,S3,90.895,89.818,1.8295,0.8004,4.4668,-0.0901
D06-control-064,D06,control,S1,462.569,146.937,0.7504,1.7736,0.0368,0.1705
D06-control-065,D06,control,S3,691.819,99.014,1.567,0,4.6274,-0.8043
D06-control-066,D06,control,S2,631.85,35.365,1.3058,1.0627,1.1791,2.1711
D06-control-067,D06,control,S3,329.192,489.373,1.2196,0.5471,3.7073,0.4667
D06-control-068,D06,control,S1,555.061,254.402,1.3235,1.6075,0.6203,-0.9496
D06-control-069,D06,control,S2,136.812,443.396,0.8327,0.1237,2.5582,0.9727
D06-control-070,D06,control,S2,115.368,294.204,1.3935,1.6287,2.4512,1.8414
D06-control-071,D06,control,S3,547.482,25.687,1.3464,0.6331,4.9089,-1.0797
D06-control-072,D06,control,S3,466.58,198.615,1.1646,0.6135,5.0242,0.1107
D06-control-073,D06,control,S1,219.919,132.854,0.6093,1.1149,0.4049,0.5666
D06-control-074,D06,control,S1,668.399,28.53,0.0796,2.1865,-0.6899,0.353
D06-control-075,D06,control,S2,589.206,356.177,0.4868,0.8958,2.3076,2.161
D06-control-076,D06,control,S1,453.173,367.86,0.8064,1.2882,0.4158,0.7693
D06-control-077,D06,control,S1,157.263,321.836,0,1.2484,0.5507,1.0793
D06-control-078,D06,control,S2,728.259,68.787,0.9269,0.9135,2.4404,1.4935
D06-control-079,D06,control,S1,195.746,206.771,1.1808,1.8249,0.6536,-0.0736
D06-perturbed-000,D06,perturbed,S2,380.818,294.333,1.5573,1.161,1.5154,1.7752
D06-perturbed-001,D06,perturbed,S2,567.903,239.432,2.2951,1.4848,2.0828,1.7076
D06-perturbed-002,D06,perturbed,S3,145.098,491.74,2.1517,1.0988,3.8146,-0.4009
D06-perturbed-003,D06,perturbed,S2,383.688,136.3,1.869,0.5896,1.3583,1.0102
D06-perturbed-004,D06,perturbed,S3,85.265,225.055,2.0812,1.117,4.1273,-0.3379
D06-perturbed-005,D06,perturbed,S1,679.309,458.676,0.241,1.7393,-0.1178,-0.6551
D06-perturbed-006,D06,perturbed,S2,498.173,87.387,1.9722,1.3515,2.2174,2.8118
D06-perturbed-007,D06,perturbed,S2,298.573,299.352,1.6023,0.7222,1.5738,2.5543
D06-perturbed-008,D06,perturbed,S1,356.288,26.341,0.9984,2.511,0.0996,0.3861
D06-perturbed-009,D06,perturbed,S3,651.187,179.831,1.7707,0.1952,4.4615,-0.2512
D06-perturbed-010,D06,perturbed,S3,441.038,226.923,1.4183,0.8957,3.0923,-0.1623
D06-perturbed-011,D06,perturbed,S2,277.828,198.216,1.4029,1.2231,1.4006,1.372
D06-perturbed-012,D06,perturbed,S2,213.846,211.901,1.4853,1.139,1.9286,1.3774
D06-perturbed-013,D06,perturbed,S2,302.438,103.379,0.88,0.7291,1.7441,1.3961
D06-perturbed-014,D06,perturbed,S1,410.275,273.337,1.091,1.6723,0.4484,-0.2639
D06-perturbed-015,D06,perturbed,S2,155.717,313.853,1.4495,1.3852,2.2694,1.8786
D06-perturbed-016,D06,perturbed,S1,411.104,79.279,0.7055,1.5872,0.1491,-0.3482
D06-perturbed-017,D06,perturbed,S2,640.76,468.478,1.4494,0.8862,2.7044,2.0677
D06-perturbed-018,D06,perturbed,S1,669.711,202.135,0.5252,1.7456,-1.0154,-0.4963
D06-perturbed-019,D06,perturbed,S2,763.811,336.817,1.4547,1.2585,1.9766,0.8724
D06-perturbed-020,D06,perturbed,S1,602.415,111.152,1.3202,2.0186,-0.1139,-0.7763
D06-perturbed-021,D06,perturbed,S2,217.959,55.124,1.2533,1.155,2.2348,0.8971
D06-perturbed-022,D06,perturbed,S1,98.431,251.865,1.0282,1.3293,-0.0869,-0.1284
D06-perturbed-023,D06,perturbed,S3,676.239,136.891,1.5865,0.57,3.3981,-0.7452
D06-perturbed-024,D06,perturbed,S3,267.339,482.233,1.9028,0.5112,4.6897,-1.0359
D06-perturbed-025,D06,perturbed,S2,69.946,490.035,0.8772,0.7841,1.3837,2.5985
D06-perturbed-026,D06,perturbed,S2,85.845,210.776,1.7196,1.1469,1.9074,2.3713
D06-perturbed-027,D06,perturbed,S2,145.035,385.829,1.4422,1.5152,1.6367,2.3983
D06-perturbed-028,D06,perturbed,S1,262.759,432.627,0.6787,1.4636,0.0731,1.2654
D06-perturbed-029,D06,perturbed,S2,767.875,40.353,1.0141,1.2009,1.3427,2.1616
D06-perturbed-030,D06,perturbed,S3,585.099,109.416,1.4234,0.2505,3.9337,0.449
D06-perturbed-031,D06,perturbed,S3,465.245,36.16,1.5804,0.1774,4.6816,0.5743
D06-perturbed-032,D06,perturbed,S1,675.788,400.535,0.3283,1.3533,-0.2293,-0.322
D06-perturbed-033,D06,perturbed,S3,605.204,418.865,2.3796,0.2107,3.6336,-0.2824
D06-perturbed-034,D06,perturbed,S2,470.868,99.682,1.4159,1.0622,2.2644,2.1728
D06-perturbed-035,D06,perturbed,S3,374.237,58.329,1.55,0.5669,4.4861,0.8412
D06-perturbed-036,D06,perturbed,S2,192.743,166.216,1.2539,0.6371,1.9285,2.9032
D06-perturbed-037,D06,perturbed,S1,426.939,451.782,0.8479,1.7131,-0.356,-0.263
D06-perturbed-038,D06,perturbed,S3,636.125,256.593,1.5693,0.4851,4.4623,-0.8849
D06-perturbed-039,D06,perturbed,S1,92.512,299.127,0.7298,0.934,-0.4828,0.6699
D06-perturbed-040,D06,perturbed,S2,644.95,72.886,1.6925,0.5447,2.4902,2.7507
D06-perturbed-041,D06,perturbed,S3,414.584,354.732,1.9261,0.9297,4.4606,-0.7461
D06-perturbed-042,D06,perturbed,S1,259.79,338.662,1.4455,1.7579,-0.8812,0.4507
D06-perturbed-043,D06,perturbed,S2,97.313,44.066,1.5314,1.4423,2.6732,1.9671
D06-perturbed-044,D06,perturbed,S1,470.315,184.079,1.0023,1.6863,-0.574,0.3056
D06-perturbed-045,D06,perturbed,S2,679.143,106.213,1.2286,0.8665,1.7932,2.6016
D06-perturbed-046,D06,perturbed,S2,792.41,470.346,1.4715,1.7578,1.3584,1.5005
D06-perturbed-047,D06,perturbed,S2,724.967,472.96,0.6528,1.2467,2.9574,2.462
D06-perturbed-048,D06,perturbed,S1,137.098,225.335,0.7337,1.3091,-0.0863,-0.0729
D06-perturbed-049,D06,perturbed,S3,446.656,286.78,1.966,0.1583,4.1834,0.4441
D06-perturbed-050,D06,perturbed,S2,651.328,380.348,0.958,0.7769,1.9677,2.8703
D06-perturbed-051,D06,perturbed,S2,53.323,274.272,2.0516,1.6914,2.513,2.5272
D06-perturbed-052,D06,perturbed,S1,230.018,283.424,0.8572,1.3379,0.2276,0.6188
D06-perturbed-053,D06,perturbed,S1,795.347,0.024,1.1006,1.59,-0.1503,-0.3346
D06-perturbed-054,D06,perturbed,S3,491.495,143.446,1.8715,0.5921,4.3519,0.0423
D06-perturbed-055,D06,perturbed,S2,604.18,151.507,0.6795,1.9103,2.0389,1.3496
D06-perturbed-056,D06,perturbed,S2,217.338,109.546,1.5846,1.4014,1.6067,1.3034
D06-perturbed-057,D06,perturbed,S1,707.009,480.259,1.2567,1.3369,-0.7942,-1.0259
D06-perturbed-058,D06,perturbed,S1,191.196,352.286,0.8022,1.5542,0.5157,0.0956
D06-perturbed-059,D06,perturbed,S1,676.998,201.634,1.0637,2.0035,-1.1517,0.5011
D06-perturbed-060,D06,perturbed,S3,123.686,42.343,1.7462,0.8046,3.4708,1.3271
D06-perturbed-061,D06,perturbed,S2,687.172,411.705,1.3623,0.8927,2.9618,3.0581
D06-perturbed-062,D06,perturbed,S2,458.873,17.212,2.0001,0.7961,0.9227,2.0453
D06-perturbed-063,D06,perturbed,S2,338.564,202.654,0.9964,1.4732,1.9571,1.36
D06-perturbed-064,D06,perturbed,S3,39.764,449.42,1.5474,0.444,4.4488,-0.778
D06-perturbed-065,D06,perturbed,S3,753.015,389.958,2.416,0.1401,4.0634,-0.1947
D06-perturbed-066,D06,perturbed,S2,627.928,403.868,1.4224,1.251,1.6205,1.422
D06-perturbed-067,D06,perturbed,S1,43.981,130.565,1.0999,1.6241,-0.6325,-0.0395
D06-perturbed-068,D06,perturbed,S1,691.64,499.459,0.7916,1.453,0.5921,-0.0608
D06-perturbed-069,D06,perturbed,S1,517.009,9.462,0.743,2.1484,-0.1939,-0.7109
D06-perturbed-070,D06,perturbed,S1,631.011,303.416,0.6358,1.4981,0.3192,0.667
D06-perturbed-071,D06,perturbed,S3,28.13,294.255,1.4939,0.4486,4.0181,-0.1233
D06-perturbed-072,D06,perturbed,S1,619.677,154.589,0.711,1.6506,-0.2524,-0.1529
D06-perturbed-073,D06,perturbed,S1,797.204,444.464,0.4566,1.8724,0.1367,-0.8775
D06-perturbed-074,D06,perturbed,S1,428.304,413.477,0.5608,1.7958,-0.507,-0.1326
D06-perturbed-075,D06,perturbed,S1,584.004,6.302,1.4798,1.9032,0.0877,-0.6064
D06-perturbed-076,D06,perturbed,S3,59.837,20.842,1.2602,0.6835,3.5679,-0.2487
D06-perturbed-077,D06,perturbed,S3,31.108,238.039,2.4939,0.4914,4.1263,-0.879
D06-perturbed-078,D06,perturbed,S2,434.495,459.381,1.3448,0.798,2.6056,1.4766
D06-perturbed-079,D06,perturbed,S3,209.562,83.886,1.9677,0.5882,4.0226,0.3697
D07-control-000,D07,control,S2,745.387,84.797,2.0431,2.0575,2.992,1.3757
D07-control-001,D07,control,S2,429.566,273.189,0.7627,1.5577,2.543,1.5964
D07-control-002,D07,control,S2,105.332,222.147,1.3828,1.0693,2.2643,1.3138
D07-control-003,D07,control,S2,416.479,398.707,1.5171,0.6767,2.4301,2.1008
D07-control-004,D07,control,S1,757.715,416.806,0.9887,2.1976,-0.8418,-0.5059
D07-control-005,D07,control,S3,720.483,6.519,1.084,1.3661,4.0649,0.0077
D07-control-006,D07,control,S3,350.447,401.655,2.5439,0.1174,4.6983,-0.5513
D07-control-007,D07,control,S2,435.722,372.247,1.576,1.4571,1.6326,2.0392
D07-control-008,D07,control,S2,750.543,128.572,1.4941,1.7042,2.0619,1.6766
D07-control-009,D07,control,S1,129.643,67.792,0.5191,2.341,0.0641,-0.037
D07-control-010,D07,control,S2,133.552,423.561,1.7643,1.0332,2.1704,1.2342
D07-control-011,D07,control,S3,184.19,341.404,2.0925,0.7102,4.4379,0.598
D07-control-012,D07,control,S2,365.5,482.332,1.1247,1.608,1.3418,1.5545
D07-control-013,D07,control,S2,8.345,158.788,1.7733,1.646,2.1777,0.9075
D07-control-014,D07,control,S1,737.237,480.615,0.1591,1.7301,0.1619,0.2
D07-control-015,D07,control,S1,6.291,337.453,0.8763,2.3241,-0.0891,-0.4275
D07-control-016,D07,control,S1,643.222,469.914,1.4169,2.6446,-0.2197,-0.687
D07-control-017,D07,control,S1,537.268,370.733,1.0064,1.9418,-0.3421,-0.3365
D07-control-018,D07,control,S1,767.353,378.494,0.5985,2.534,-0.0552,0.4845
D07-control-019,D07,control,S3,268.443,372.22,1.4554,0.6276,3.7365,-0.2894
D07-control-020,D07,control,S1,706.88,8.057,0.1372,2.4091,1.339,0.1907
D07-control-021,D07,control,S2,371.574,223.21,1.3674,1.3649,2.6934,3.3577
D07-control-022,D07,control,S2,477.491,317.083,1.1395,1.4649,2.1066,1.9659
D07-control-023,D07,control,S1,53.692,45.021,1.2212,2.4876,0.198,-0.6305
D07-control-024,D07,control,S2,456.326,249.24,1.2416,2.175,2.1298,2.333
D07-control-025,D07,control,S3,423.648,56.068,2.1447,0.9042,3.9225,0.3635
D07-control-026,D07,control,S3,1.644,375.114,1.7651,0.9843,4.7078,0.3062
D07-control-027,D07,control,S1,345.845,31.061,1.0719,2.1011,0.2753,0.3524
D07-control-028,D07,control,S1,496.729,122.605,1.305,2.1515,0.2939,-0.513
D07-control-029,D07,control,S1,239.942,104.341,0.6585,1.7813,-0.1201,-0.4026
D07-control-030,D07,control,S1,55.558,267.149,1.1649,1.9514,-0.5704,-0.1855
D07-control-031,D07,control,S3,211.048,475.967,1.4069,0.4872,3.8181,1.5435
D07-control-032,D07,control,S1,257.012,199.422,0.3845,1.9586,-0.5631,0.1471
D07-control-033,D07,control,S3,126.416,216.07,1.8818,0.9586,4.3984,0.9292
D07-control-034,D07,control,S3,594.465,212.982,1.6451,0.9703,4.9169,0.2786
D07-control-035,D07,control,S2,656.811,300.571,1.3518,0.7933,1.5753,1.7199
D07-control-036,D07,control,S1,240.575,266.483,0.7213,2.5639,0.6944,-0.177
D07-control-037,D07,control,S2,671.759,281.548,0.9932,1.5598,1.8815,2.0584
D07-control-038,D07,control,S2,349.321,268.786,0.9761,1.3823,2.0687,2.8001
D07-control-039,D07,control,S3,633.458,453.342,1.5966,0.5696,4.2232,0.1282
D07-control-040,D07,control,S3,16.093,289.86,1.9104,0.862,4.4889,0.2576
D07-control-041,D07,control,S2,363.886,390.466,1.3151,1.2709,2.7773,2.2974
D07-control-042,D07,control,S1,119.022,77.101,0.0378,1.7126,0.0345,-0.2498
D07-control-043,D07,control,S2,177.663,250.36,1.4151,1.4951,1.7598,3.2156
D07-control-044,D07,control,S2,575.031,93.519,1.5783,1.7161,0.9771,1.3757
D07-control-045,D07,control,S1,784.555,335.77,1.0134,1.8319,-0.8858,-0.3068
D07-control-046,D07,control,S2,553.383,446.769,1.4497,1.451,1.7142,2.068
D07-control-047,D07,control,S1,565.546,167.829,0.6762,1.6844,-0.4001,-0.7323
D07-control-048,D07,control,S2,94.118,403.441,1.0912,1.2265,1.3734,2.0123
D07-control-049,D07,control,S2,215.515,83.475,1.4751,1.404,2.3037,0.8044
D07-control-050,D07,control,S1,368.216,45.009,0.5769,2.2653,0.0969,0.7867
D07-control-051,D07,control,S1,267.27,13.818,0.2859,1.7219,0.6911,0.5317
D07-control-052,D07,control,S1,749.415,63.344,0.7555,2.4144,-0.0956,0.5072
D07-control-053,D07,control,S3,606.236,113.65,1.8857,0.5845,4.5446,0.2546
D07-control-054,D07,control,S1,475.572,223.15,0.9584,2.164,0.0982,-0.968
D07-control-055,D07,control,S1,581.942,443.166,0.6592,1.6145,0.2335,-0.5249
D07-control-056,D07,control,S3,527.733,365.041,1.6741,0.4744,3.9482,0.3973
D07-control-057,D07,control,S2,239.732,337.65,1.3055,1.2151,2.0917,3.0071
D07-control-058,D07,control,S1,92.962,137.547,0.74,1.4243,-0.0462,0.5837
D07-control-059,D07,control,S2,369.838,494.32,1.3125,1.5801,2.0847,2.1634
D07-control-060,D07,control,S3,193.101,101.427,2.1473,0.8704,4.5984,-0.0153
D07-control-061,D07,control,S2,254.559,321.519,0.5934,1.808,1.2933,2.4156
D07-control-062,D07,control,S1,767.662,487.414,0.7614,1.6999,0.7126,-0.1435
D07-control-063,D07,control,S1,487.36,407.466,1.1973,1.5706,0.7734,0.2959
D07-control-064,D07,control,S3,77.301,106.265,1.6388,0.618,4.1566,0.23
D07-control-065,D07,control,S2,127.193,19.99,1.0763,1.3728,2.0198,2.4945
D07-control-066,D07,control,S2,151.85,257.043,1.3258,1.3872,1.6966,1.5119
D07-control-067,D07,control,S2,502.046,398.886,1.3266,1.5683,2.3108,2.0961
D07-control-068,D07,control,S2,437.047,494.768,1.5105,1.3668,2.388,2.1689
D07-control-069,D07,control,S1,95.727,197.974,0.7967,1.8396,0.0541,0.8551
D07-control-070,D07,control,S3,306.299,79.075,1.5187,0.9994,4.5745,0.4555
D07-control-071,D07,control,S1,188.978,180.56,0.7442,1.9673,-0.4932,0.2017
D07-control-072,D07,control,S1,533.259,1.949,0.6479,2.083,0.8331,0.403
D07-control-073,D07,control,S3,96.248,386.103,1.363,0.922,3.9809,0.8991
D07-control-074,D07,control,S3,181.107,358.857,1.4099,0.6519,3.9298,-0.5007
D07-control-075,D07,control,S3,393.088,26.136,2.3707,0.2579,5.0104,-0.4659
D07-control-076,D07,control,S3,410.314,168.593,1.8848,0.9596,4.9332,-0.3648
D07-control-077,D07,control,S1,327.156,367.19,1.1258,1.7542,0.2248,-0.9975
D07-control-078,D07,control,S3,233.89,250.755,1.5547,1.5476,4.0656,-0.7069
D07-control-079,D07,control,S3,317.499,411.769,1.2441,0.7604,3.6162,1.2768
D07-perturbed-000,D07,perturbed,S1,384.765,232.372,1.2485,1.4795,-1.4041,0.069
D07-perturbed-001,D07,perturbed,S3,363.983,150.306,2.4957,1.4711,3.7177,1.011
D07-perturbed-002,D07,perturbed,S2,144.061,406.091,1.3616,1.068,2.3579,2.4004
D07-perturbed-003,D07,perturbed,S1,243.599,453.469,0.6532,2.3278,1.1916,0.0979
D07-perturbed-004,D07,perturbed,S1,110.877,228.569,0.755,1.7188,0.3855,0.644
D07-perturbed-005,D07,perturbed,S3,603.661,268.584,2.0036,0.7902,3.6112,0.5063
D07-perturbed-006,D07,perturbed,S3,314.057,51.185,2.0663,0.2861,4.5621,-0.715
D07-perturbed-007,D07,perturbed,S1,670.88,357.59,1.0036,1.8399,-0.2508,-0.0741
D07-perturbed-008,D07,perturbed,S1,42.604,392.992,1.4479,1.834,0.7291,0.078
D07-perturbed-009,D07,perturbed,S1,292.23,408.994,1.2168,2.6555,-0.4686,0.34
D07-perturbed-010,D07,perturbed,S2,606.653,421.492,0.8405,1.988,1.983,2.3578
D07-perturbed-011,D07,perturbed,S3,44.349,143.914,2.4036,0.9483,5.0035,-0.2529
D07-perturbed-012,D07,perturbed,S2,368.536,155.88,1.4905,1.256,1.9401,2.6075
D07-perturbed-013,D07,perturbed,S2,591.94,462.198,1.5687,1.9759,1.8538,1.4919
D07-perturbed-014,D07,perturbed,S2,287.864,150.199,1.617,1.0923,1.9554,2.4172
D07-perturbed-015,D07,perturbed,S3,261.079,448.521,2.6399,0.0621,4.3354,0.0688
D07-perturbed-016,D07,perturbed,S1,242.19,238.696,1.2703,1.6042,-0.0516,-0.0805
D07-perturbed-017,D07,perturbed,S2,301.558,191.031,1.89,1.6887,1.7772,1.9283
D07-perturbed-018,D07,perturbed,S3,613.594,229.148,2.2634,0.8114,4.4654,0.1382
D07-perturbed-019,D07,perturbed,S3,113.403,193.825,2.2671,1.0337,4.0102,-0.2138
D07-perturbed-020,D07,perturbed,S1,470.498,13.955,0.7549,1.8687,-0.8528,-0.6366
D07-perturbed-021,D07,perturbed,S3,715.431,257.402,2.0697,1.1104,4.1018,0.1029
D07-perturbed-022,D07,perturbed,S1,373.681,473.919,0.3661,2.0818,0.5444,-0.2875
D07-perturbed-023,D07,perturbed,S2,322.276,115.039,1.5928,1.5891,1.644,2.7356
D07-perturbed-024,D07,perturbed,S2,41.765,45.381,1.5505,1.5391,2.7749,3.0845
D07-perturbed-025,D07,perturbed,S3,311.23,167.242,1.5479,0.9374,4.0287,0.1151
D07-perturbed-026,D07,perturbed,S3,436.997,30.14,1.6745,0.7752,4.1437,0.0794
D07-perturbed-027,D07,perturbed,S3,321.281,222.961,2.2388,1.2043,4.094,0.3874
D07-perturbed-028,D07,perturbed,S1,454.829,91.034,0.9813,2.1628,-0.1849,-0.114
D07-perturbed-029,D07,perturbed,S3,704.754,318.295,2.0864,1.4095,4.7167,-1.4328
D07-perturbed-030,D07,perturbed,S1,304.122,132.116,0.4742,2.1798,0.6077,0.5472
D07-perturbed-031,D07,perturbed,S3,31.658,359.04,1.6023,1.1005,4.297,0.1634
D07-perturbed-032,D07,perturbed,S1,338.413,354.477,1.7268,2.5564,-1.7792,-0.8611
D07-perturbed-033,D07,perturbed,S2,278.882,140.009,1.7652,1.2468,1.616,1.619
D07-perturbed-034,D07,perturbed,S1,560.082,151.033,1.0422,2.3754,0.1805,-0.2846
D07-perturbed-035,D07,perturbed,S1,207.53,185.917,1.2106,1.6897,0.5543,-0.1379
D07-perturbed-036,D07,perturbed,S2,7.369,320.698,1.2392,1.7499,2.4456,2.2825
D07-perturbed-037,D07,perturbed,S2,320.985,339.406,1.5498,1.8098,1.656,2.851
D07-perturbed-038,D07,perturbed,S2,537.46,163.183,1.9173,1.0675,1.1626,2.3713
D07-perturbed-039,D07,perturbed,S3,569.415,361.143,1.7821,1.0243,4.1042,-1.239
D07-perturbed-040,D07,perturbed,S3,448.75,325.54,1.9687,0.6898,3.8322,0.594
D07-perturbed-041,D07,perturbed,S2,629.549,221.092,0.7487,1.1253,2.4538,2.2652
D07-perturbed-042,D07,perturbed,S3,112.504,446.006,2.2059,0.8226,3.7598,-1.112
D07-perturbed-043,D07,perturbed,S1,580.57,371.538,0.7727,2.1181,-0.2295,0.0017
D07-perturbed-044,D07,perturbed,S1,110.7,275.248,1.3708,2.2269,-0.2742,0.5926
D07-perturbed-045,D07,perturbed,S1,258.573,274.142,1.0624,1.9375,-0.5323,0.4775
D07-perturbed-046,D07,perturbed,S1,259.361,470.151,0.5294,1.9709,-0.3468,-0.4399
D07-perturbed-047,D07,perturbed,S3,480.82,128.031,1.9211,1.1736,4.2039,-0.4673
D07-perturbed-048,D07,perturbed,S1,773.473,140.762,0.9883,1.7035,-0.7816,-0.2362
D07-perturbed-049,D07,perturbed,S1,468.203,44.038,0.601,1.5229,0.2331,0.5518
D07-perturbed-050,D07,perturbed,S2,660.185,265.666,1.9446,1.4509,1.4297,2.2155
D07-perturbed-051,D07,perturbed,S2,96.057,407.623,1.9067,0.942,1.8901,1.842
D07-perturbed-052,D07,perturbed,S3,377.085,55.699,1.8339,0.9061,4.9859,-0.806
D07-perturbed-053,D07,perturbed,S2,292.955,431.862,1.7358,1.6434,2.4677,1.9962
D07-perturbed-054,D07,perturbed,S3,700.211,494.942,1.8165,0.6142,4.4124,-0.1588
D07-perturbed-055,D07,perturbed,S2,105.253,361.336,1.4704,1.1525,2.0896,2.607
D07-perturbed-056,D07,perturbed,S1,419.203,13.845,0.9963,1.8458,0.376,0.3805
D07-perturbed-057,D07,perturbed,S2,510.914,115.005,1.6907,1.1049,1.7965,2.5195
D07-perturbed-058,D07,perturbed,S1,305.878,285.09,1.8646,1.9196,-0.3388,0.6448
D07-perturbed-059,D07,perturbed,S3,40.851,61.597,2.1068,1.504,4.0113,0.4918
D07-perturbed-060,D07,perturbed,S3,681.685,54.207,2.2395,0.8792,3.9679,0.5378
D07-perturbed-061,D07,perturbed,S2,627.523,155.68,1.5189,1.7343,1.5795,1.7679
D07-perturbed-062,D07,perturbed,S1,304.358,343.968,1.5524,1.3929,0.3067,0.2022
D07-perturbed-063,D07,perturbed,S3,678.933,235.315,2.1845,1.059,4.4236,-0.0415
D07-perturbed-064,D07,perturbed,S1,8.086,270.47,0.4856,2.6551,-0.4985,0.4934
D07-perturbed-065,D07,perturbed,S2,180.54,81.404,1.4957,1.2847,1.8943,2.7615
D07-perturbed-066,D07,perturbed,S3,11.006,275.921,2.555,0.8797,4.5194,-0.1814
D07-perturbed-067,D07,perturbed,S1,10.825,389.014,0.8817,1.9001,0.7672,0.9485
D07-perturbed-068,D07,perturbed,S1,157.313,141.768,0.9688,1.9734,-0.8973,-0.3982
D07-perturbed-069,D07,perturbed,S1,507.869,190.214,0.612,2.1261,-0.1152,0.3114
D07-perturbed-070,D07,perturbed,S2,799.48,423.531,1.3994,1.2605,1.4066,2.9797
D07-perturbed-071,D07,perturbed,S1,351.189,76.512,1.4593,2.3755,0.0546,0.8817
D07-perturbed-072,D07,perturbed,S2,480.679,353.178,1.9064,0.9218,2.4542,3.0322
D07-perturbed-073,D07,perturbed,S2,501.525,193.952,1.6033,1.6018,2.6484,0.9308
D07-perturbed-074,D07,perturbed,S2,414.394,389.716,1.6128,0.5523,1.51,1.188
D07-perturbed-075,D07,perturbed,S2,616.747,457.341,1.8845,1.0733,1.8745,1.7287
D07-perturbed-076,D07,perturbed,S2,39.661,212.684,1.8236,1.3273,2.0289,1.9307
D07-perturbed-077,D07,perturbed,S2,731.93,199.137,1.2635,1.4955,0.6568,2.0501
D07-perturbed-078,D07,perturbed,S1,638.108,15.025,1.6113,2.9729,1.0873,-0.0374
D07-perturbed-079,D07,perturbed,S2,50.077,273.648,1.4163,1.1841,2.3789,2.0709
D08-control-000,D08,control,S2,687.118,378.934,0.7634,0.5211,1.7476,2.4111
D08-control-001,D08,control,S1,199.695,305.727,0.9889,1.256,0.5373,-0.695
D08-control-002,D08,control,S1,214.726,260.096,0.534,2.2126,0.5694,-0.2783
D08-control-003,D08,control,S2,324.111,412.461,0.7792,0.2814,2.4577,2.1223
D08-control-004,D08,control,S3,447.519,245.467,1.5976,0,4.4821,-0.6677
D08-control-005,D08,control,S1,721.402,393.888,0,1.6196,-0.9858,0.1
D08-control-006,D08,control,S2,378.39,330.054,0.8323,1.0304,2.6127,1.5533
D08-control-007,D08,control,S2,105.389,183.54,0.6209,1.3359,3.3728,2.1887
D08-control-008,D08,control,S2,11.902,335.39,1.2211,0.9876,1.5895,1.7974
D08-control-009,D08,control,S2,540.526,346.145,0.7775,1.1109,1.3427,1.7063
D08-control-010,D08,control,S1,757.121,215.24,0.7367,1.1681,-0.7964,-0.5019
D08-control-011,D08,control,S1,656.723,434.674,0.1936,1.403,-0.0105,0.5809
D08-control-012,D08,control,S1,475.831,415.266,0.8662,1.595,-0.2097,-0.1028
D08-control-013,D08,control,S3,15.346,16.676,1.5493,0.4032,4.5461,0.2567
D08-control-014,D08,control,S3,702.329,320.072,1.4692,0.3424,5.5279,0.2482
D08-control-015,D08,control,S3,595.753,373.789,1.1593,0.3641,4.0732,1.9471
D08-control-016,D08,control,S1,513.024,59.164,0.0079,0.7713,0.7185,0.1973
D08-control-017,D08,control,S2,565.866,315.614,0.7853,1.1439,1.6473,1.9761
D08-control-018,D08,control,S1,556.565,484.162,0.0791,1.9511,0.0619,-0.86
D08-control-019,D08,control,S1,593.998,132.366,0.4364,1.5235,-0.3336,-0.0467
D08-control-020,D08,control,S2,296.52,155.683,0.4452,0.5032,2.3524,2.4674
D08-control-021,D08,control,S3,370.282,264.463,1.3859,0.1484,4.7423,0.1605
D08-control-022,D08,control,S1,135.766,44.161,0.2823,1.8374,-0.651,-0.9983
D08-control-023,D08,control,S3,328.765,28.008,1.64,0.6559,4.3211,0.0427
D08-control-024,D08,control,S1,373.065,17.365,0.1883,1.8307,-0.2176,-0.1731
D08-control-025,D08,control,S2,789.953,57.33,0.8844,1.0144,2.0481,1.3613
D08-control-026,D08,control,S1,364.757,267.223,0.3357,0.9756,0.5373,0.7567
D08-control-027,D08,control,S1,76.911,32.411,0.1864,1.5513,-0.0062,-0.9888
D08-control-028,D08,control,S2,700.665,158.718,0.6277,0.7485,2.076,1.3193
D08-control-029,D08,control,S3,443.405,127.859,1.4914,0,3.6013,-0.926
D08-control-030,D08,control,S2,543.022,412.805,0.5653,1.0866,2.9984,2.8731
D08-control-031,D08,control,S2,622.023,181.899,1.3345,0.4448,1.9413,1.671
D08-control-032,D08,control,S1,585.658,335.054,0.1796,0.8766,-1.0778,0.9688
D08-control-033,D08,control,S2,546.416,394.863,1.6056,1.4748,2.5482,2.016
D08-control-034,D08,control,S1,1.028,427.648,0.3067,1.7363,1.3498,0.9261
D08-control-035,D08,control,S1,718.844,86.611,0.3759,1.5472,0.2288,-0.1302
D08-control-036,D08,control,S1,674.567,166.864,0.3838,1.6786,-0.5398,0.2133
D08-control-037,D08,control,S1,741.306,73.688,0.5866,1.7403,-0.8707,-0.1881
D08-control-038,D08,control,S1,376.734,266.386,0.8531,1.1188,-0.6521,0.1241
D08-control-039,D08,control,S3,713.271,308.203,1.6004,0.3766,4.8694,0.3352
D08-control-040,D08,control,S3,47.403,493.596,1.3987,0.3687,4.5567,-0.0007
D08-control-041,D08,control,S2,292.555,264.034,0.0976,1.1781,2.5853,2.13
D08-control-042,D08,control,S1,126.94,260.78,1.0534,0.8962,0.3978,-0.7318
D08-control-043,D08,control,S3,353.326,449.68,1.2864,0,4.7488,0.0915
D08-control-044,D08,control,S3,454.532,116.716,0.7957,0.2011,4.4853,0.0447
D08-control-045,D08,control,S3,641.767,70.446,1.2646,0,4.675,-0.3061
D08-control-046,D08,control,S2,312.41,448.499,0.6184,1.1423,2.601,1.3163
D08-control-047,D08,control,S3,243.992,101.688,0.9992,0.2976,3.7704,0.559
D08-control-048,D08,control,S1,313.991,145.75,0.5545,1.6085,-0.3858,-0.775
D08-control-049,D08,control,S1,276.801,478.407,0.1615,1.4777,0.268,0.0066
D08-control-050,D08,control,S1,513.978,216.39,0.4561,1.762,0.4604,0.442
D08-control-051,D08,control,S2,176.085,381.766,1.2536,0.8074,2.0756,1.6544
D08-control-052,D08,control,S2,656.974,55.073,0.6827,0.6797,2.4798,1.6792
D08-control-053,D08,control,S1,324.181,308.531,0.5368,1.3088,0.4246,-0.4179
D08-control-054,D08,control,S2,500.137,76.266,0.9067,0.352,2.0993,2.2436
D08-control-055,D08,control,S1,285.99,206.044,0,1.3228,0.5439,0.2492
D08-control-056,D08,control,S3,538.032,43.32,0.6471,0.0886,5.0376,0.2979
D08-control-057,D08,control,S1,99.185,167.286,0.3759,1.5547,-0.5366,0.3198
D08-control-058,D08,control,S2,422.895,53.176,0.3601,0.631,1.3957,2.4626
D08-control-059,D08,control,S1,776.002,150.99,0.4756,1.6766,0.0801,-0.3513
D08-control-060,D08,control,S2,466.091,402.317,0.8088,0.896,3.2113,2.8842
D08-control-061,D08,control,S3,675.916,29.513,0.925,0.0538,3.8358,1.3302
D08-control-062,D08,control,S3,269.848,343.686,1.1695,0.0882,3.9423,0.0068
D08-control-063,D08,control,S2,279.357,23.296,0.2011,1.0353,1.9089,1.6967
D08-control-064,D08,control,S1,80.919,403.428,0.3595,1.0676,0.0623,0.4027
D08-control-065,D08,control,S1,427.297,453.152,0.5448,2.1685,0.6081,-0.2534
D08-control-066,D08,control,S1,326.129,115.287,0.096,1.2586,0.3223,0.0962
D08-control-067,D08,control,S2,784.25,339.346,1.4054,1.2744,2.0023,2.1196
D08-control-068,D08,control,S2,616.509,360.588,1.0005,1.0656,2.7727,0.8791
D08-control-069,D08,control,S2,353.644,123.139,0.482,0.927,2.5687,2.8621
D08-control-070,D08,control,S2,84.99,10.199,0.9005,0.9028,2.5944,1.3724
D08-control-071,D08,control,S2,778.376,310.535,1.0128,1.5169,1.6439,1.5158
D08-control-072,D08,control,S3,224.482,415.611,0.8849,0,3.2504,0.8634
D08-control-073,D08,control,S1,396.734,471.924,0.8831,1.828,0.002,-0.1743
D08-control-074,D08,control,S1,574.086,471.774,0.2825,1.1625,0.0576,-0.7112
D08-control-075,D08,control,S1,274.282,346.845,0,1.4048,-0.1463,0.663
D08-control-076,D08,control,S2,656.939,261.906,0.9643,0.506,1.9604,1.4874
D08-control-077,D08,control,S1,799.173,490.913,0.2176,1.1272,-0.9071,-0.3116
D08-control-078,D08,control,S1,241.943,328.262,0,2.0055,0.4385,0.4482
D08-control-079,D08,control,S1,294.145,13.376,0.3417,1.6388,0.158,-0.3325
D08-perturbed-000,D08,perturbed,S2,644.783,219.651,1.4044,0.6083,1.9269,2.3718
D08-perturbed-001,D08,perturbed,S2,601.446,330.181,1.6727,1.5426,2.0036,2.1861
D08-perturbed-002,D08,perturbed,S3,396.762,397.586,1.605,0.5234,4.5091,0.1968
D08-perturbed-003,D08,perturbed,S2,256.284,379.211,1.9772,0.7858,1.7518,2.6434
D08-perturbed-004,D08,perturbed,S2,298.139,315.642,1.1457,0.3187,3.0384,3.354
D08-perturbed-005,D08,perturbed,S1,417.419,466.31,0.7653,0.9698,-0.2303,-0.3003
D08-perturbed-006,D08,perturbed,S1,580.452,167.382,0.7541,1.5096,0.1876,-1.7029
D08-perturbed-007,D08,perturbed,S3,371.425,69.949,1.6835,0.7102,4.1806,-0.5387
D08-perturbed-008,D08,perturbed,S3,566.944,485.952,1.7283,0.0631,4.7128,0.3473
D08-perturbed-009,D08,perturbed,S1,713.114,237.4,0.478,1.4505,0.3075,-0.1221
D08-perturbed-010,D08,perturbed,S3,323.12,275.956,1.9851,0.4683,3.8174,-0.2348
D08-perturbed-011,D08,perturbed,S1,725.655,206.431,0,0.9172,0.0092,-0.1936
D08-perturbed-012,D08,perturbed,S2,540.362,412.456,1.2368,0.2584,2.4807,2.4152
D08-perturbed-013,D08,perturbed,S2,745.77,99.769,1.5342,1.0683,1.5418,2.4109
D08-perturbed-014,D08,perturbed,S3,289.443,97.572,1.4641,0.3408,3.8509,-0.1641
D08-perturbed-015,D08,perturbed,S3,14.906,62.071,2.3488,0.807,5.1027,0.2691
D08-perturbed-016,D08,perturbed,S1,531.272,414.96,1.3433,1.407,0.4414,0.8793
D08-perturbed-017,D08,perturbed,S3,168.772,201.356,1.2775,0.06,4.3111,-0.4668
D08-perturbed-018,D08,perturbed,S1,159.975,304.615,0.5713,1.9534,0.5542,-0.6239
D08-perturbed-019,D08,perturbed,S3,48.471,382.352,1.8317,0.1313,4.4892,0.6445
D08-perturbed-020,D08,perturbed,S1,210.212,448.691,0.8552,0.7979,0.8457,-0.0011
D08-perturbed-021,D08,perturbed,S3,479.015,28.618,1.5039,0.0174,4.5409,-0.1535
D08-perturbed-022,D08,perturbed,S1,655.036,402.177,0.2129,2.13,0.3687,-0.7352
D08-perturbed-023,D08,perturbed,S1,388.891,143.724,1.0882,1.574,0.4578,-0.0943
D08-perturbed-024,D08,perturbed,S3,744.998,63.434,1.2986,0,4.9628,0.8686
D08-perturbed-025,D08,perturbed,S1,348.925,228.107,0.5704,1.3946,-0.4186,-0.3651
D08-perturbed-026,D08,perturbed,S2,249.776,421.01,0.7672,1.2778,2.7505,2.4861
D08-perturbed-027,D08,perturbed,S2,386.18,64.626,0.9229,0.455,2.2885,2.5635
D08-perturbed-028,D08,perturbed,S1,142.785,14.599,1.3133,1.5942,-0.3187,-0.9155
D08-perturbed-029,D08,perturbed,S2,704.968,455.949,1.1107,0.7943,2.9669,2.492
D08-perturbed-030,D08,perturbed,S2,105.852,383.248,0.8634,1.2148,2.4386,2.115
D08-perturbed-031,D08,perturbed,S3,239.418,146.582,1.4042,0.3012,5.0408,0.4957
D08-perturbed-032,D08,perturbed,S2,758.23,336.495,1.3536,0.5044,2.2683,1.2639
D08-perturbed-033,D08,perturbed,S3,399.633,111.07,1.7526,0,4.4982,0.1257
D08-perturbed-034,D08,perturbed,S2,750.508,482.192,1.6985,0.7878,2.4336,0.48
D08-perturbed-035,D08,perturbed,S3,152.544,65.727,1.6598,0,5.2577,0.8549
D08-perturbed-036,D08,perturbed,S1,327.252,128.378,0.8586,1.9803,-0.0914,0.1687
D08-perturbed-037,D08,perturbed,S2,61.597,145.933,1.181,0.5057,1.8019,2.1093
D08-perturbed-038,D08,perturbed,S2,487.662,63.616,1.4307,0.7592,2.2115,2.6646
D08-perturbed-039,D08,perturbed,S3,789.211,304.042,1.79,0.1735,4.1041,-0.3976
D08-perturbed-040,D08,perturbed,S1,111.666,13.041,0.5364,1.5905,-0.4403,-1.6159
D08-perturbed-041,D08,perturbed,S2,749.923,74.229,1.435,1.8305,1.9022,2.1051
D08-perturbed-042,D08,perturbed,S1,130.809,299.699,0.8639,1.7943,0.1891,-1.1805
D08-perturbed-043,D08,perturbed,S2,670.286,183.688,1.5815,1.5018,2.388,3.749
D08-perturbed-044,D08,perturbed,S2,303.695,367.175,0.5565,1.3033,1.4757,1.8243
D08-perturbed-045,D08,perturbed,S3,194.791,266.267,1.2651,0.3571,3.9577,0.1807
D08-perturbed-046,D08,perturbed,S3,229.365,337.772,2.2339,0.4136,3.9846,0.2454
D08-perturbed-047,D08,perturbed,S2,224.921,375.792,1.4158,0.6222,2.2931,2.7443
D08-perturbed-048,D08,perturbed,S2,388.243,137.979,1.7075,0.6592,2.1392,2.469
D08-perturbed-049,D08,perturbed,S1,204.213,352.28,0.2553,0.9072,-0.2479,-0.2131
D08-perturbed-050,D08,perturbed,S2,701.123,133.591,0.9399,0.6955,1.8882,2.0517
D08-perturbed-051,D08,perturbed,S1,712.096,302.357,0.1297,1.4284,-0.5609,-1.0459
D08-perturbed-052,D08,perturbed,S2,760.683,18.842,1.2903,0.6526,1.7213,1.8182
D08-perturbed-053,D08,perturbed,S2,744.225,453.212,1.3659,0.2848,1.2616,1.4847
D08-perturbed-054,D08,perturbed,S2,223.603,43.878,1.6345,0.5812,1.8718,2.0984
D08-perturbed-055,D08,perturbed,S2,560.147,197.027,1.1293,1.4582,1.8125,1.3963
D08-perturbed-056,D08,perturbed,S3,626.666,223.88,1.523,0.1417,4.9689,-0.5635
D08-perturbed-057,D08,perturbed,S3,786.363,423.188,1.6316,0.9412,4.0105,-0.2884
D08-perturbed-058,D08,perturbed,S1,305.148,8.941,0.252,1.3106,0.7988,0.1441
D08-perturbed-059,D08,perturbed,S2,759.12,391.014,1.2585,1.5852,2.6388,2.0922
D08-perturbed-060,D08,perturbed,S2,420.172,96.347,0.7632,1.4509,2.3642,0.2696
D08-perturbed-061,D08,perturbed,S1,603.506,96.342,0.4932,1.2265,-0.0405,0.0034
D08-perturbed-062,D08,perturbed,S2,94.148,78.53,0.7202,0.6457,1.7526,1.932
D08-perturbed-063,D08,perturbed,S3,608.277,26.786,0.9454,0.4507,4.8288,0.7068
D08-perturbed-064,D08,perturbed,S1,680.822,62.342,1.0742,0.8972,0.3987,-0.5745
D08-perturbed-065,D08,perturbed,S3,419.15,252.161,1.942,0.4542,3.917,0.4636
D08-perturbed-066,D08,perturbed,S2,626.239,221.021,1.2831,1.0822,1.5923,2.8984
D08-perturbed-067,D08,perturbed,S2,723.869,379.665,0.7511,0.3389,2.7622,1.7153
D08-perturbed-068,D08,perturbed,S3,724.622,444.343,1.9585,0.1646,4.0078,0.9711
D08-perturbed-069,D08,perturbed,S2,636.326,247.047,1.5368,0.2128,1.74,2.9144
D08-perturbed-070,D08,perturbed,S2,270.452,156.564,1.8695,0.5985,2.1727,1.8244
D08-perturbed-071,D08,perturbed,S1,434.264,387.615,0.2491,1.2962,0.1814,0.0461
D08-perturbed-072,D08,perturbed,S3,172.55,184.89,1.2607,0.224,3.8791,0.1291
D08-perturbed-073,D08,perturbed,S1,244.024,60.225,0.3426,1.5341,1.7287,0.3308
D08-perturbed-074,D08,perturbed,S1,758.751,181.745,0.4466,2.3996,-1.1264,0.4459
D08-perturbed-075,D08,perturbed,S2,2.082,409.126,0.5257,0.9492,2.7778,3.0726
D08-perturbed-076,D08,perturbed,S1,48.367,333.373,0.4641,1.919,-0.1339,0.1888
D08-perturbed-077,D08,perturbed,S2,782.483,3.748,0.9251,0.9751,2.5738,2.0852
D08-perturbed-078,D08,perturbed,S1,347.993,389.976,1.3531,2.1539,0.3398,0.834
D08-perturbed-079,D08,perturbed,S2,267.915,18.259,1.4062,1.0592,1.5066,0.9491
