assay,condition,position_kb,signal
RNA,C,0.0,0.02
RNA,C,0.3333,0.02
RNA,C,0.6667,0.02
RNA,C,1.0,0.02
RNA,C,1.3333,0.02001
RNA,C,1.6667,0.02002
RNA,C,2.0,0.02003
RNA,C,2.3333,0.02006
RNA,C,2.6667,0.02012
RNA,C,3.0,0.02023
RNA,C,3.3333,0.02043
RNA,C,3.6667,0.02077
RNA,C,4.0,0.02134
RNA,C,4.3333,0.02231
RNA,C,4.6667,0.02387
RNA,C,5.0,0.02633
RNA,C,5.3333,0.03014
RNA,C,5.6667,0.03586
RNA,C,6.0,0.04426
RNA,C,6.3333,0.05625
RNA,C,6.6667,0.07295
RNA,C,7.0,0.09557
RNA,C,7.3333,0.12542
RNA,C,7.6667,0.16373
RNA,C,8.0,0.2115
RNA,C,8.3333,0.26935
RNA,C,8.6667,0.33732
RNA,C,9.0,0.41465
RNA,C,9.3333,0.49969
RNA,C,9.6667,0.58982
RNA,C,10.0,0.68151
RNA,C,10.3333,0.77054
RNA,C,10.6667,0.85222
RNA,C,11.0,0.92185
RNA,C,11.3333,0.97512
RNA,C,11.6667,1.00859
RNA,C,12.0,1.02
RNA,C,12.3333,1.00859
RNA,C,12.6667,0.97512
RNA,C,13.0,0.92185
RNA,C,13.3333,0.85222
RNA,C,13.6667,0.77054
RNA,C,14.0,0.68151
RNA,C,14.3333,0.58982
RNA,C,14.6667,0.49969
RNA,C,15.0,0.41465
RNA,C,15.3333,0.33732
RNA,C,15.6667,0.26935
RNA,C,16.0,0.2115
RNA,C,16.3333,0.16373
RNA,C,16.6667,0.12542
RNA,C,17.0,0.09557
RNA,C,17.3333,0.07295
RNA,C,17.6667,0.05625
RNA,C,18.0,0.04426
RNA,C,18.3333,0.03586
RNA,C,18.6667,0.03014
RNA,C,19.0,0.02633
RNA,C,19.3333,0.02387
RNA,C,19.6667,0.02231
RNA,C,20.0,0.02134
RNA,C,20.3333,0.02077
RNA,C,20.6667,0.02043
RNA,C,21.0,0.02023
RNA,C,21.3333,0.02012
RNA,C,21.6667,0.02006
RNA,C,22.0,0.02003
RNA,C,22.3333,0.02002
RNA,C,22.6667,0.02001
RNA,C,23.0,0.02
RNA,C,23.3333,0.02
RNA,C,23.6667,0.02
RNA,C,24.0,0.02
RNA,C,24.3333,0.02
RNA,C,24.6667,0.02001
RNA,C,25.0,0.02002
RNA,C,25.3333,0.02004
RNA,C,25.6667,0.02007
RNA,C,26.0,0.02014
RNA,C,26.3333,0.02026
RNA,C,26.6667,0.02046
RNA,C,27.0,0.02081
RNA,C,27.3333,0.02138
RNA,C,27.6667,0.02232
RNA,C,28.0,0.0238
RNA,C,28.3333,0.02608
RNA,C,28.6667,0.02952
RNA,C,29.0,0.03455
RNA,C,29.3333,0.04175
RNA,C,29.6667,0.05177
RNA,C,30.0,0.06534
RNA,C,30.3333,0.08325
RNA,C,30.6667,0.10624
RNA,C,31.0,0.1349
RNA,C,31.3333,0.16961
RNA,C,31.6667,0.21039
RNA,C,32.0,0.25679
RNA,C,32.3333,0.30781
RNA,C,32.6667,0.36189
RNA,C,33.0,0.41691
RNA,C,33.3333,0.47032
RNA,C,33.6667,0.51933
RNA,C,34.0,0.56111
RNA,C,34.3333,0.59307
RNA,C,34.6667,0.61315
RNA,C,35.0,0.62
RNA,C,35.3333,0.61315
RNA,C,35.6667,0.59307
RNA,C,36.0,0.56111
RNA,C,36.3333,0.51933
RNA,C,36.6667,0.47032
RNA,C,37.0,0.41691
RNA,C,37.3333,0.36189
RNA,C,37.6667,0.30781
RNA,C,38.0,0.25679
RNA,C,38.3333,0.2104
RNA,C,38.6667,0.16962
RNA,C,39.0,0.13491
RNA,C,39.3333,0.10627
RNA,C,39.6667,0.08332
RNA,C,40.0,0.06546
RNA,C,40.3333,0.05198
RNA,C,40.6667,0.04213
RNA,C,41.0,0.03523
RNA,C,41.3333,0.03067
RNA,C,41.6667,0.02802
RNA,C,42.0,0.02697
RNA,C,42.3333,0.02739
RNA,C,42.6667,0.02932
RNA,C,43.0,0.03294
RNA,C,43.3333,0.03859
RNA,C,43.6667,0.04673
RNA,C,44.0,0.05793
RNA,C,44.3333,0.07279
RNA,C,44.6667,0.0919
RNA,C,45.0,0.11577
RNA,C,45.3333,0.14469
RNA,C,45.6667,0.17867
RNA,C,46.0,0.21733
RNA,C,46.3333,0.25985
RNA,C,46.6667,0.30491
RNA,C,47.0,0.35076
RNA,C,47.3333,0.39527
RNA,C,47.6667,0.43611
RNA,C,48.0,0.47093
RNA,C,48.3333,0.49756
RNA,C,48.6667,0.51429
RNA,C,49.0,0.52
RNA,C,49.3333,0.51429
RNA,C,49.6667,0.49756
RNA,C,50.0,0.47093
RNA,C,50.3333,0.43611
RNA,C,50.6667,0.39527
RNA,C,51.0,0.35076
RNA,C,51.3333,0.30491
RNA,C,51.6667,0.25984
RNA,C,52.0,0.21733
RNA,C,52.3333,0.17866
RNA,C,52.6667,0.14468
RNA,C,53.0,0.11575
RNA,C,53.3333,0.09186
RNA,C,53.6667,0.07271
RNA,C,54.0,0.05779
RNA,C,54.3333,0.04647
RNA,C,54.6667,0.03813
RNA,C,55.0,0.03213
RNA,C,55.3333,0.02793
RNA,C,55.6667,0.02507
RNA,C,56.0,0.02317
RNA,C,56.3333,0.02193
RNA,C,56.6667,0.02115
RNA,C,57.0,0.02067
RNA,C,57.3333,0.02038
RNA,C,57.6667,0.02021
RNA,C,58.0,0.02012
RNA,C,58.3333,0.02006
RNA,C,58.6667,0.02003
RNA,C,59.0,0.02002
RNA,C,59.3333,0.02001
RNA,C,59.6667,0.02
RNA,C,60.0,0.02
RNA,P,0.0,0.026
RNA,P,0.3333,0.026
RNA,P,0.6667,0.026
RNA,P,1.0,0.026
RNA,P,1.3333,0.02601
RNA,P,1.6667,0.02602
RNA,P,2.0,0.02604
RNA,P,2.3333,0.02608
RNA,P,2.6667,0.02616
RNA,P,3.0,0.0263
RNA,P,3.3333,0.02655
RNA,P,3.6667,0.027
RNA,P,4.0,0.02775
RNA,P,4.3333,0.029
RNA,P,4.6667,0.03103
RNA,P,5.0,0.03423
RNA,P,5.3333,0.03918
RNA,P,5.6667,0.04662
RNA,P,6.0,0.05754
RNA,P,6.3333,0.07313
RNA,P,6.6667,0.09483
RNA,P,7.0,0.12425
RNA,P,7.3333,0.16305
RNA,P,7.6667,0.21284
RNA,P,8.0,0.27494
RNA,P,8.3333,0.35016
RNA,P,8.6667,0.43852
RNA,P,9.0,0.53905
RNA,P,9.3333,0.64959
RNA,P,9.6667,0.76676
RNA,P,10.0,0.88597
RNA,P,10.3333,1.0017
RNA,P,10.6667,1.10789
RNA,P,11.0,1.19841
RNA,P,11.3333,1.26766
RNA,P,11.6667,1.31116
RNA,P,12.0,1.326
RNA,P,12.3333,1.31116
RNA,P,12.6667,1.26766
RNA,P,13.0,1.19841
RNA,P,13.3333,1.10789
RNA,P,13.6667,1.0017
RNA,P,14.0,0.88597
RNA,P,14.3333,0.76676
RNA,P,14.6667,0.64959
RNA,P,15.0,0.53905
RNA,P,15.3333,0.43852
RNA,P,15.6667,0.35016
RNA,P,16.0,0.27494
RNA,P,16.3333,0.21284
RNA,P,16.6667,0.16305
RNA,P,17.0,0.12425
RNA,P,17.3333,0.09483
RNA,P,17.6667,0.07313
RNA,P,18.0,0.05754
RNA,P,18.3333,0.04662
RNA,P,18.6667,0.03918
RNA,P,19.0,0.03423
RNA,P,19.3333,0.03103
RNA,P,19.6667,0.029
RNA,P,20.0,0.02775
RNA,P,20.3333,0.027
RNA,P,20.6667,0.02655
RNA,P,21.0,0.0263
RNA,P,21.3333,0.02616
RNA,P,21.6667,0.02608
RNA,P,22.0,0.02604
RNA,P,22.3333,0.02602
RNA,P,22.6667,0.02601
RNA,P,23.0,0.02601
RNA,P,23.3333,0.026
RNA,P,23.6667,0.026
RNA,P,24.0,0.026
RNA,P,24.3333,0.02601
RNA,P,24.6667,0.02601
RNA,P,25.0,0.02603
RNA,P,25.3333,0.02605
RNA,P,25.6667,0.0261
RNA,P,26.0,0.02618
RNA,P,26.3333,0.02633
RNA,P,26.6667,0.0266
RNA,P,27.0,0.02705
RNA,P,27.3333,0.0278
RNA,P,27.6667,0.02902
RNA,P,28.0,0.03094
RNA,P,28.3333,0.03391
RNA,P,28.6667,0.03837
RNA,P,29.0,0.04492
RNA,P,29.3333,0.05428
RNA,P,29.6667,0.0673
RNA,P,30.0,0.08495
RNA,P,30.3333,0.10823
RNA,P,30.6667,0.13811
RNA,P,31.0,0.17537
RNA,P,31.3333,0.22049
RNA,P,31.6667,0.27351
RNA,P,32.0,0.33383
RNA,P,32.3333,0.40016
RNA,P,32.6667,0.47046
RNA,P,33.0,0.54198
RNA,P,33.3333,0.61142
RNA,P,33.6667,0.67513
RNA,P,34.0,0.72944
RNA,P,34.3333,0.771
RNA,P,34.6667,0.7971
RNA,P,35.0,0.806
RNA,P,35.3333,0.7971
RNA,P,35.6667,0.771
RNA,P,36.0,0.72944
RNA,P,36.3333,0.67513
RNA,P,36.6667,0.61142
RNA,P,37.0,0.54198
RNA,P,37.3333,0.47046
RNA,P,37.6667,0.40016
RNA,P,38.0,0.33383
RNA,P,38.3333,0.27352
RNA,P,38.6667,0.22051
RNA,P,39.0,0.17539
RNA,P,39.3333,0.13815
RNA,P,39.6667,0.10831
RNA,P,40.0,0.0851
RNA,P,40.3333,0.06758
RNA,P,40.6667,0.05477
RNA,P,41.0,0.0458
RNA,P,41.3333,0.03987
RNA,P,41.6667,0.03642
RNA,P,42.0,0.03506
RNA,P,42.3333,0.03561
RNA,P,42.6667,0.03811
RNA,P,43.0,0.04282
RNA,P,43.3333,0.05016
RNA,P,43.6667,0.06075
RNA,P,44.0,0.0753
RNA,P,44.3333,0.09462
RNA,P,44.6667,0.11947
RNA,P,45.0,0.1505
RNA,P,45.3333,0.18809
RNA,P,45.6667,0.23226
RNA,P,46.0,0.28253
RNA,P,46.3333,0.3378
RNA,P,46.6667,0.39638
RNA,P,47.0,0.45598
RNA,P,47.3333,0.51385
RNA,P,47.6667,0.56695
RNA,P,48.0,0.6122
RNA,P,48.3333,0.64683
RNA,P,48.6667,0.66858
RNA,P,49.0,0.676
RNA,P,49.3333,0.66858
RNA,P,49.6667,0.64683
RNA,P,50.0,0.6122
RNA,P,50.3333,0.56695
RNA,P,50.6667,0.51385
RNA,P,51.0,0.45598
RNA,P,51.3333,0.39638
RNA,P,51.6667,0.3378
RNA,P,52.0,0.28252
RNA,P,52.3333,0.23226
RNA,P,52.6667,0.18808
RNA,P,53.0,0.15047
RNA,P,53.3333,0.11942
RNA,P,53.6667,0.09453
RNA,P,54.0,0.07512
RNA,P,54.3333,0.06042
RNA,P,54.6667,0.04956
RNA,P,55.0,0.04177
RNA,P,55.3333,0.03631
RNA,P,55.6667,0.03259
RNA,P,56.0,0.03012
RNA,P,56.3333,0.02851
RNA,P,56.6667,0.0275
RNA,P,57.0,0.02687
RNA,P,57.3333,0.0265
RNA,P,57.6667,0.02628
RNA,P,58.0,0.02615
RNA,P,58.3333,0.02608
RNA,P,58.6667,0.02604
RNA,P,59.0,0.02602
RNA,P,59.3333,0.02601
RNA,P,59.6667,0.02601
RNA,P,60.0,0.026
ATAC,C,0.0,0.02
ATAC,C,0.3333,0.02
ATAC,C,0.6667,0.02
ATAC,C,1.0,0.02
ATAC,C,1.3333,0.02
ATAC,C,1.6667,0.02
ATAC,C,2.0,0.02
ATAC,C,2.3333,0.02
ATAC,C,2.6667,0.02
ATAC,C,3.0,0.02
ATAC,C,3.3333,0.02
ATAC,C,3.6667,0.02
ATAC,C,4.0,0.02
ATAC,C,4.3333,0.02
ATAC,C,4.6667,0.02
ATAC,C,5.0,0.02
ATAC,C,5.3333,0.02001
ATAC,C,5.6667,0.02005
ATAC,C,6.0,0.02015
ATAC,C,6.3333,0.02047
ATAC,C,6.6667,0.02133
ATAC,C,7.0,0.02348
ATAC,C,7.3333,0.02845
ATAC,C,7.6667,0.039
ATAC,C,8.0,0.05954
ATAC,C,8.3333,0.09619
ATAC,C,8.6667,0.15591
ATAC,C,9.0,0.24442
ATAC,C,9.3333,0.36305
ATAC,C,9.6667,0.50547
ATAC,C,10.0,0.65598
ATAC,C,10.3333,0.7913
ATAC,C,10.6667,0.88594
ATAC,C,11.0,0.92
ATAC,C,11.3333,0.88594
ATAC,C,11.6667,0.7913
ATAC,C,12.0,0.65598
ATAC,C,12.3333,0.50547
ATAC,C,12.6667,0.36305
ATAC,C,13.0,0.24442
ATAC,C,13.3333,0.15591
ATAC,C,13.6667,0.09619
ATAC,C,14.0,0.05954
ATAC,C,14.3333,0.039
ATAC,C,14.6667,0.02845
ATAC,C,15.0,0.02348
ATAC,C,15.3333,0.02133
ATAC,C,15.6667,0.02047
ATAC,C,16.0,0.02015
ATAC,C,16.3333,0.02005
ATAC,C,16.6667,0.02001
ATAC,C,17.0,0.02
ATAC,C,17.3333,0.02
ATAC,C,17.6667,0.02
ATAC,C,18.0,0.02
ATAC,C,18.3333,0.02
ATAC,C,18.6667,0.02
ATAC,C,19.0,0.02
ATAC,C,19.3333,0.02
ATAC,C,19.6667,0.02
ATAC,C,20.0,0.02
ATAC,C,20.3333,0.02
ATAC,C,20.6667,0.02
ATAC,C,21.0,0.02
ATAC,C,21.3333,0.02
ATAC,C,21.6667,0.02
ATAC,C,22.0,0.02
ATAC,C,22.3333,0.02
ATAC,C,22.6667,0.02
ATAC,C,23.0,0.02
ATAC,C,23.3333,0.02
ATAC,C,23.6667,0.02
ATAC,C,24.0,0.02
ATAC,C,24.3333,0.02
ATAC,C,24.6667,0.02
ATAC,C,25.0,0.02
ATAC,C,25.3333,0.02
ATAC,C,25.6667,0.02
ATAC,C,26.0,0.02
ATAC,C,26.3333,0.02001
ATAC,C,26.6667,0.02002
ATAC,C,27.0,0.02007
ATAC,C,27.3333,0.02021
ATAC,C,27.6667,0.02059
ATAC,C,28.0,0.02155
ATAC,C,28.3333,0.02376
ATAC,C,28.6667,0.02844
ATAC,C,29.0,0.03757
ATAC,C,29.3333,0.05386
ATAC,C,29.6667,0.0804
ATAC,C,30.0,0.11974
ATAC,C,30.3333,0.17247
ATAC,C,30.6667,0.23576
ATAC,C,31.0,0.30266
ATAC,C,31.3333,0.3628
ATAC,C,31.6667,0.40486
ATAC,C,32.0,0.42
ATAC,C,32.3333,0.40486
ATAC,C,32.6667,0.3628
ATAC,C,33.0,0.30266
ATAC,C,33.3333,0.23576
ATAC,C,33.6667,0.17247
ATAC,C,34.0,0.11974
ATAC,C,34.3333,0.0804
ATAC,C,34.6667,0.05386
ATAC,C,35.0,0.03757
ATAC,C,35.3333,0.02844
ATAC,C,35.6667,0.02376
ATAC,C,36.0,0.02155
ATAC,C,36.3333,0.02059
ATAC,C,36.6667,0.02021
ATAC,C,37.0,0.02007
ATAC,C,37.3333,0.02002
ATAC,C,37.6667,0.02001
ATAC,C,38.0,0.02
ATAC,C,38.3333,0.02
ATAC,C,38.6667,0.02
ATAC,C,39.0,0.02
ATAC,C,39.3333,0.02
ATAC,C,39.6667,0.02
ATAC,C,40.0,0.02
ATAC,C,40.3333,0.02
ATAC,C,40.6667,0.02
ATAC,C,41.0,0.02
ATAC,C,41.3333,0.02
ATAC,C,41.6667,0.02
ATAC,C,42.0,0.02
ATAC,C,42.3333,0.02001
ATAC,C,42.6667,0.02003
ATAC,C,43.0,0.0201
ATAC,C,43.3333,0.02031
ATAC,C,43.6667,0.02088
ATAC,C,44.0,0.02232
ATAC,C,44.3333,0.02563
ATAC,C,44.6667,0.03267
ATAC,C,45.0,0.04636
ATAC,C,45.3333,0.07079
ATAC,C,45.6667,0.1106
ATAC,C,46.0,0.16961
ATAC,C,46.3333,0.2487
ATAC,C,46.6667,0.34364
ATAC,C,47.0,0.44399
ATAC,C,47.3333,0.5342
ATAC,C,47.6667,0.59729
ATAC,C,48.0,0.62
ATAC,C,48.3333,0.59729
ATAC,C,48.6667,0.5342
ATAC,C,49.0,0.44399
ATAC,C,49.3333,0.34364
ATAC,C,49.6667,0.2487
ATAC,C,50.0,0.16961
ATAC,C,50.3333,0.1106
ATAC,C,50.6667,0.07079
ATAC,C,51.0,0.04636
ATAC,C,51.3333,0.03267
ATAC,C,51.6667,0.02563
ATAC,C,52.0,0.02232
ATAC,C,52.3333,0.02088
ATAC,C,52.6667,0.02031
ATAC,C,53.0,0.0201
ATAC,C,53.3333,0.02003
ATAC,C,53.6667,0.02001
ATAC,C,54.0,0.02
ATAC,C,54.3333,0.02
ATAC,C,54.6667,0.02
ATAC,C,55.0,0.02
ATAC,C,55.3333,0.02
ATAC,C,55.6667,0.02
ATAC,C,56.0,0.02
ATAC,C,56.3333,0.02
ATAC,C,56.6667,0.02
ATAC,C,57.0,0.02
ATAC,C,57.3333,0.02
ATAC,C,57.6667,0.02
ATAC,C,58.0,0.02
ATAC,C,58.3333,0.02
ATAC,C,58.6667,0.02
ATAC,C,59.0,0.02
ATAC,C,59.3333,0.02
ATAC,C,59.6667,0.02
ATAC,C,60.0,0.02
ATAC,P,0.0,0.026
ATAC,P,0.3333,0.026
ATAC,P,0.6667,0.026
ATAC,P,1.0,0.026
ATAC,P,1.3333,0.026
ATAC,P,1.6667,0.026
ATAC,P,2.0,0.026
ATAC,P,2.3333,0.026
ATAC,P,2.6667,0.026
ATAC,P,3.0,0.026
ATAC,P,3.3333,0.026
ATAC,P,3.6667,0.026
ATAC,P,4.0,0.026
ATAC,P,4.3333,0.026
ATAC,P,4.6667,0.026
ATAC,P,5.0,0.026
ATAC,P,5.3333,0.02602
ATAC,P,5.6667,0.02606
ATAC,P,6.0,0.0262
ATAC,P,6.3333,0.02661
ATAC,P,6.6667,0.02772
ATAC,P,7.0,0.03052
ATAC,P,7.3333,0.03699
ATAC,P,7.6667,0.0507
ATAC,P,8.0,0.07741
ATAC,P,8.3333,0.12505
ATAC,P,8.6667,0.20268
ATAC,P,9.0,0.31774
ATAC,P,9.3333,0.47197
ATAC,P,9.6667,0.65711
ATAC,P,10.0,0.85278
ATAC,P,10.3333,1.02869
ATAC,P,10.6667,1.15172
ATAC,P,11.0,1.196
ATAC,P,11.3333,1.15172
ATAC,P,11.6667,1.02869
ATAC,P,12.0,0.85278
ATAC,P,12.3333,0.65711
ATAC,P,12.6667,0.47197
ATAC,P,13.0,0.31774
ATAC,P,13.3333,0.20268
ATAC,P,13.6667,0.12505
ATAC,P,14.0,0.07741
ATAC,P,14.3333,0.0507
ATAC,P,14.6667,0.03699
ATAC,P,15.0,0.03052
ATAC,P,15.3333,0.02772
ATAC,P,15.6667,0.02661
ATAC,P,16.0,0.0262
ATAC,P,16.3333,0.02606
ATAC,P,16.6667,0.02602
ATAC,P,17.0,0.026
ATAC,P,17.3333,0.026
ATAC,P,17.6667,0.026
ATAC,P,18.0,0.026
ATAC,P,18.3333,0.026
ATAC,P,18.6667,0.026
ATAC,P,19.0,0.026
ATAC,P,19.3333,0.026
ATAC,P,19.6667,0.026
ATAC,P,20.0,0.026
ATAC,P,20.3333,0.026
ATAC,P,20.6667,0.026
ATAC,P,21.0,0.026
ATAC,P,21.3333,0.026
ATAC,P,21.6667,0.026
ATAC,P,22.0,0.026
ATAC,P,22.3333,0.026
ATAC,P,22.6667,0.026
ATAC,P,23.0,0.026
ATAC,P,23.3333,0.026
ATAC,P,23.6667,0.026
ATAC,P,24.0,0.026
ATAC,P,24.3333,0.026
ATAC,P,24.6667,0.026
ATAC,P,25.0,0.026
ATAC,P,25.3333,0.026
ATAC,P,25.6667,0.026
ATAC,P,26.0,0.026
ATAC,P,26.3333,0.02601
ATAC,P,26.6667,0.02603
ATAC,P,27.0,0.02609
ATAC,P,27.3333,0.02627
ATAC,P,27.6667,0.02677
ATAC,P,28.0,0.02801
ATAC,P,28.3333,0.03088
ATAC,P,28.6667,0.03698
ATAC,P,29.0,0.04885
ATAC,P,29.3333,0.07002
ATAC,P,29.6667,0.10452
ATAC,P,30.0,0.15566
ATAC,P,30.3333,0.22421
ATAC,P,30.6667,0.30649
ATAC,P,31.0,0.39346
ATAC,P,31.3333,0.47164
ATAC,P,31.6667,0.52632
ATAC,P,32.0,0.546
ATAC,P,32.3333,0.52632
ATAC,P,32.6667,0.47164
ATAC,P,33.0,0.39346
ATAC,P,33.3333,0.30649
ATAC,P,33.6667,0.22421
ATAC,P,34.0,0.15566
ATAC,P,34.3333,0.10452
ATAC,P,34.6667,0.07002
ATAC,P,35.0,0.04885
ATAC,P,35.3333,0.03698
ATAC,P,35.6667,0.03088
ATAC,P,36.0,0.02801
ATAC,P,36.3333,0.02677
ATAC,P,36.6667,0.02627
ATAC,P,37.0,0.02609
ATAC,P,37.3333,0.02603
ATAC,P,37.6667,0.02601
ATAC,P,38.0,0.026
ATAC,P,38.3333,0.026
ATAC,P,38.6667,0.026
ATAC,P,39.0,0.026
ATAC,P,39.3333,0.026
ATAC,P,39.6667,0.026
ATAC,P,40.0,0.026
ATAC,P,40.3333,0.026
ATAC,P,40.6667,0.026
ATAC,P,41.0,0.026
ATAC,P,41.3333,0.026
ATAC,P,41.6667,0.026
ATAC,P,42.0,0.026
ATAC,P,42.3333,0.02601
ATAC,P,42.6667,0.02604
ATAC,P,43.0,0.02613
ATAC,P,43.3333,0.02641
ATAC,P,43.6667,0.02715
ATAC,P,44.0,0.02902
ATAC,P,44.3333,0.03332
ATAC,P,44.6667,0.04247
ATAC,P,45.0,0.06027
ATAC,P,45.3333,0.09203
ATAC,P,45.6667,0.14379
ATAC,P,46.0,0.22049
ATAC,P,46.3333,0.32331
ATAC,P,46.6667,0.44674
ATAC,P,47.0,0.57719
ATAC,P,47.3333,0.69446
ATAC,P,47.6667,0.77648
ATAC,P,48.0,0.806
ATAC,P,48.3333,0.77648
ATAC,P,48.6667,0.69446
ATAC,P,49.0,0.57719
ATAC,P,49.3333,0.44674
ATAC,P,49.6667,0.32331
ATAC,P,50.0,0.22049
ATAC,P,50.3333,0.14379
ATAC,P,50.6667,0.09203
ATAC,P,51.0,0.06027
ATAC,P,51.3333,0.04247
ATAC,P,51.6667,0.03332
ATAC,P,52.0,0.02902
ATAC,P,52.3333,0.02715
ATAC,P,52.6667,0.02641
ATAC,P,53.0,0.02613
ATAC,P,53.3333,0.02604
ATAC,P,53.6667,0.02601
ATAC,P,54.0,0.026
ATAC,P,54.3333,0.026
ATAC,P,54.6667,0.026
ATAC,P,55.0,0.026
ATAC,P,55.3333,0.026
ATAC,P,55.6667,0.026
ATAC,P,56.0,0.026
ATAC,P,56.3333,0.026
ATAC,P,56.6667,0.026
ATAC,P,57.0,0.026
ATAC,P,57.3333,0.026
ATAC,P,57.6667,0.026
ATAC,P,58.0,0.026
ATAC,P,58.3333,0.026
ATAC,P,58.6667,0.026
ATAC,P,59.0,0.026
ATAC,P,59.3333,0.026
ATAC,P,59.6667,0.026
ATAC,P,60.0,0.026
Protein,C,0.0,0.02
Protein,C,0.3333,0.02
Protein,C,0.6667,0.02
Protein,C,1.0,0.02
Protein,C,1.3333,0.02
Protein,C,1.6667,0.02
Protein,C,2.0,0.02
Protein,C,2.3333,0.02
Protein,C,2.6667,0.02
Protein,C,3.0,0.02
Protein,C,3.3333,0.02
Protein,C,3.6667,0.02001
Protein,C,4.0,0.02002
Protein,C,4.3333,0.02004
Protein,C,4.6667,0.02007
Protein,C,5.0,0.02014
Protein,C,5.3333,0.02026
Protein,C,5.6667,0.02046
Protein,C,6.0,0.02081
Protein,C,6.3333,0.02138
Protein,C,6.6667,0.02232
Protein,C,7.0,0.0238
Protein,C,7.3333,0.02608
Protein,C,7.6667,0.02952
Protein,C,8.0,0.03455
Protein,C,8.3333,0.04175
Protein,C,8.6667,0.05177
Protein,C,9.0,0.06534
Protein,C,9.3333,0.08325
Protein,C,9.6667,0.10624
Protein,C,10.0,0.1349
Protein,C,10.3333,0.16961
Protein,C,10.6667,0.21039
Protein,C,11.0,0.25679
Protein,C,11.3333,0.30781
Protein,C,11.6667,0.36189
Protein,C,12.0,0.41691
Protein,C,12.3333,0.47032
Protein,C,12.6667,0.51933
Protein,C,13.0,0.56111
Protein,C,13.3333,0.59307
Protein,C,13.6667,0.61315
Protein,C,14.0,0.62
Protein,C,14.3333,0.61315
Protein,C,14.6667,0.59307
Protein,C,15.0,0.56111
Protein,C,15.3333,0.51933
Protein,C,15.6667,0.47032
Protein,C,16.0,0.41691
Protein,C,16.3333,0.36189
Protein,C,16.6667,0.30781
Protein,C,17.0,0.25679
Protein,C,17.3333,0.21039
Protein,C,17.6667,0.16961
Protein,C,18.0,0.1349
Protein,C,18.3333,0.10624
Protein,C,18.6667,0.08325
Protein,C,19.0,0.06534
Protein,C,19.3333,0.05177
Protein,C,19.6667,0.04175
Protein,C,20.0,0.03455
Protein,C,20.3333,0.02952
Protein,C,20.6667,0.02608
Protein,C,21.0,0.0238
Protein,C,21.3333,0.02232
Protein,C,21.6667,0.02138
Protein,C,22.0,0.02081
Protein,C,22.3333,0.02046
Protein,C,22.6667,0.02026
Protein,C,23.0,0.02014
Protein,C,23.3333,0.02007
Protein,C,23.6667,0.02004
Protein,C,24.0,0.02002
Protein,C,24.3333,0.02001
Protein,C,24.6667,0.02
Protein,C,25.0,0.02
Protein,C,25.3333,0.02
Protein,C,25.6667,0.02
Protein,C,26.0,0.02
Protein,C,26.3333,0.02001
Protein,C,26.6667,0.02001
Protein,C,27.0,0.02002
Protein,C,27.3333,0.02004
Protein,C,27.6667,0.02009
Protein,C,28.0,0.02016
Protein,C,28.3333,0.0203
Protein,C,28.6667,0.02054
Protein,C,29.0,0.02094
Protein,C,29.3333,0.02161
Protein,C,29.6667,0.02271
Protein,C,30.0,0.02443
Protein,C,30.3333,0.0271
Protein,C,30.6667,0.0311
Protein,C,31.0,0.03698
Protein,C,31.3333,0.04538
Protein,C,31.6667,0.05706
Protein,C,32.0,0.0729
Protein,C,32.3333,0.0938
Protein,C,32.6667,0.12061
Protein,C,33.0,0.15405
Protein,C,33.3333,0.19455
Protein,C,33.6667,0.24212
Protein,C,34.0,0.29626
Protein,C,34.3333,0.35578
Protein,C,34.6667,0.41887
Protein,C,35.0,0.48306
Protein,C,35.3333,0.54538
Protein,C,35.6667,0.60256
Protein,C,36.0,0.6513
Protein,C,36.3333,0.68859
Protein,C,36.6667,0.71202
Protein,C,37.0,0.72001
Protein,C,37.3333,0.71203
Protein,C,37.6667,0.68862
Protein,C,38.0,0.65137
Protein,C,38.3333,0.60268
Protein,C,38.6667,0.54561
Protein,C,39.0,0.48346
Protein,C,39.3333,0.41956
Protein,C,39.6667,0.35694
Protein,C,40.0,0.29816
Protein,C,40.3333,0.24517
Protein,C,40.6667,0.19931
Protein,C,41.0,0.16132
Protein,C,41.3333,0.13148
Protein,C,41.6667,0.10968
Protein,C,42.0,0.09557
Protein,C,42.3333,0.08869
Protein,C,42.6667,0.08849
Protein,C,43.0,0.09443
Protein,C,43.3333,0.10591
Protein,C,43.6667,0.12229
Protein,C,44.0,0.14283
Protein,C,44.3333,0.16661
Protein,C,44.6667,0.19256
Protein,C,45.0,0.2194
Protein,C,45.3333,0.2457
Protein,C,45.6667,0.26997
Protein,C,46.0,0.29072
Protein,C,46.3333,0.30662
Protein,C,46.6667,0.31662
Protein,C,47.0,0.32002
Protein,C,47.3333,0.31659
Protein,C,47.6667,0.30654
Protein,C,48.0,0.29056
Protein,C,48.3333,0.26967
Protein,C,48.6667,0.24516
Protein,C,49.0,0.21845
Protein,C,49.3333,0.19094
Protein,C,49.6667,0.16391
Protein,C,50.0,0.1384
Protein,C,50.3333,0.1152
Protein,C,50.6667,0.09481
Protein,C,51.0,0.07745
Protein,C,51.3333,0.06312
Protein,C,51.6667,0.05163
Protein,C,52.0,0.04267
Protein,C,52.3333,0.03588
Protein,C,52.6667,0.03088
Protein,C,53.0,0.02728
Protein,C,53.3333,0.02476
Protein,C,53.6667,0.02304
Protein,C,54.0,0.0219
Protein,C,54.3333,0.02116
Protein,C,54.6667,0.02069
Protein,C,55.0,0.0204
Protein,C,55.3333,0.02023
Protein,C,55.6667,0.02013
Protein,C,56.0,0.02007
Protein,C,56.3333,0.02004
Protein,C,56.6667,0.02002
Protein,C,57.0,0.02001
Protein,C,57.3333,0.02
Protein,C,57.6667,0.02
Protein,C,58.0,0.02
Protein,C,58.3333,0.02
Protein,C,58.6667,0.02
Protein,C,59.0,0.02
Protein,C,59.3333,0.02
Protein,C,59.6667,0.02
Protein,C,60.0,0.02
Protein,P,0.0,0.026
Protein,P,0.3333,0.026
Protein,P,0.6667,0.026
Protein,P,1.0,0.026
Protein,P,1.3333,0.026
Protein,P,1.6667,0.026
Protein,P,2.0,0.026
Protein,P,2.3333,0.026
Protein,P,2.6667,0.026
Protein,P,3.0,0.026
Protein,P,3.3333,0.02601
Protein,P,3.6667,0.02601
Protein,P,4.0,0.02603
Protein,P,4.3333,0.02605
Protein,P,4.6667,0.0261
Protein,P,5.0,0.02618
Protein,P,5.3333,0.02633
Protein,P,5.6667,0.0266
Protein,P,6.0,0.02705
Protein,P,6.3333,0.0278
Protein,P,6.6667,0.02902
Protein,P,7.0,0.03094
Protein,P,7.3333,0.03391
Protein,P,7.6667,0.03837
Protein,P,8.0,0.04492
Protein,P,8.3333,0.05428
Protein,P,8.6667,0.0673
Protein,P,9.0,0.08495
Protein,P,9.3333,0.10823
Protein,P,9.6667,0.13811
Protein,P,10.0,0.17537
Protein,P,10.3333,0.22049
Protein,P,10.6667,0.27351
Protein,P,11.0,0.33383
Protein,P,11.3333,0.40016
Protein,P,11.6667,0.47046
Protein,P,12.0,0.54198
Protein,P,12.3333,0.61142
Protein,P,12.6667,0.67513
Protein,P,13.0,0.72944
Protein,P,13.3333,0.771
Protein,P,13.6667,0.7971
Protein,P,14.0,0.806
Protein,P,14.3333,0.7971
Protein,P,14.6667,0.771
Protein,P,15.0,0.72944
Protein,P,15.3333,0.67513
Protein,P,15.6667,0.61142
Protein,P,16.0,0.54198
Protein,P,16.3333,0.47046
Protein,P,16.6667,0.40016
Protein,P,17.0,0.33383
Protein,P,17.3333,0.27351
Protein,P,17.6667,0.22049
Protein,P,18.0,0.17537
Protein,P,18.3333,0.13811
Protein,P,18.6667,0.10823
Protein,P,19.0,0.08495
Protein,P,19.3333,0.0673
Protein,P,19.6667,0.05428
Protein,P,20.0,0.04492
Protein,P,20.3333,0.03837
Protein,P,20.6667,0.03391
Protein,P,21.0,0.03094
Protein,P,21.3333,0.02902
Protein,P,21.6667,0.0278
Protein,P,22.0,0.02705
Protein,P,22.3333,0.0266
Protein,P,22.6667,0.02633
Protein,P,23.0,0.02618
Protein,P,23.3333,0.0261
Protein,P,23.6667,0.02605
Protein,P,24.0,0.02603
Protein,P,24.3333,0.02601
Protein,P,24.6667,0.02601
Protein,P,25.0,0.026
Protein,P,25.3333,0.026
Protein,P,25.6667,0.026
Protein,P,26.0,0.026
Protein,P,26.3333,0.02601
Protein,P,26.6667,0.02601
Protein,P,27.0,0.02603
Protein,P,27.3333,0.02606
Protein,P,27.6667,0.02611
Protein,P,28.0,0.02621
Protein,P,28.3333,0.02639
Protein,P,28.6667,0.0267
Protein,P,29.0,0.02722
Protein,P,29.3333,0.0281
Protein,P,29.6667,0.02952
Protein,P,30.0,0.03176
Protein,P,30.3333,0.03523
Protein,P,30.6667,0.04044
Protein,P,31.0,0.04807
Protein,P,31.3333,0.05899
Protein,P,31.6667,0.07418
Protein,P,32.0,0.09477
Protein,P,32.3333,0.12194
Protein,P,32.6667,0.15679
Protein,P,33.0,0.20026
Protein,P,33.3333,0.25291
Protein,P,33.6667,0.31476
Protein,P,34.0,0.38513
Protein,P,34.3333,0.46252
Protein,P,34.6667,0.54453
Protein,P,35.0,0.62798
Protein,P,35.3333,0.70899
Protein,P,35.6667,0.78332
Protein,P,36.0,0.84669
Protein,P,36.3333,0.89517
Protein,P,36.6667,0.92562
Protein,P,37.0,0.93601
Protein,P,37.3333,0.92564
Protein,P,37.6667,0.89521
Protein,P,38.0,0.84678
Protein,P,38.3333,0.78349
Protein,P,38.6667,0.70929
Protein,P,39.0,0.6285
Protein,P,39.3333,0.54543
Protein,P,39.6667,0.46402
Protein,P,40.0,0.3876
Protein,P,40.3333,0.31872
Protein,P,40.6667,0.2591
Protein,P,41.0,0.20972
Protein,P,41.3333,0.17093
Protein,P,41.6667,0.14258
Protein,P,42.0,0.12425
Protein,P,42.3333,0.1153
Protein,P,42.6667,0.11504
Protein,P,43.0,0.12276
Protein,P,43.3333,0.13768
Protein,P,43.6667,0.15898
Protein,P,44.0,0.18568
Protein,P,44.3333,0.2166
Protein,P,44.6667,0.25033
Protein,P,45.0,0.28521
Protein,P,45.3333,0.31941
Protein,P,45.6667,0.35096
Protein,P,46.0,0.37793
Protein,P,46.3333,0.39861
Protein,P,46.6667,0.41161
Protein,P,47.0,0.41603
Protein,P,47.3333,0.41156
Protein,P,47.6667,0.39851
Protein,P,48.0,0.37773
Protein,P,48.3333,0.35057
Protein,P,48.6667,0.31871
Protein,P,49.0,0.28399
Protein,P,49.3333,0.24823
Protein,P,49.6667,0.21308
Protein,P,50.0,0.17991
Protein,P,50.3333,0.14976
Protein,P,50.6667,0.12325
Protein,P,51.0,0.10068
Protein,P,51.3333,0.08205
Protein,P,51.6667,0.06712
Protein,P,52.0,0.05547
Protein,P,52.3333,0.04665
Protein,P,52.6667,0.04014
Protein,P,53.0,0.03546
Protein,P,53.3333,0.03219
Protein,P,53.6667,0.02995
Protein,P,54.0,0.02847
Protein,P,54.3333,0.02751
Protein,P,54.6667,0.0269
Protein,P,55.0,0.02652
Protein,P,55.3333,0.0263
Protein,P,55.6667,0.02617
Protein,P,56.0,0.02609
Protein,P,56.3333,0.02605
Protein,P,56.6667,0.02603
Protein,P,57.0,0.02601
Protein,P,57.3333,0.02601
Protein,P,57.6667,0.026
Protein,P,58.0,0.026
Protein,P,58.3333,0.026
Protein,P,58.6667,0.026
Protein,P,59.0,0.026
Protein,P,59.3333,0.026
Protein,P,59.6667,0.026
Protein,P,60.0,0.026
